district,subdistrict,religion,persons,males,females
Palestine,ALL,all,1035821,526680,509141
Palestine,ALL,moslems,759712,387594,372118
Palestine,ALL,jews,174610,88100,86510
Palestine,ALL,christians,91398,45896,45502
Palestine,ALL,druzes,9148,4578,4570
Palestine,ALL,bahais,350,189,161
Palestine,ALL,samaritans,182,93,89
Palestine,ALL,no_religion,421,230,191
Southern,ALL,all,361797,186638,175159
Southern,ALL,moslems,267587,138586,129001
Southern,ALL,jews,78723,39827,38896
Southern,ALL,christians,15155,8059,7096
Southern,ALL,druzes,4,2,2
Southern,ALL,bahais,17,11,6
Southern,ALL,samaritans,6,4,2
Southern,ALL,no_religion,305,149,156
Southern,Gaza,all,94634,47069,47565
Southern,Gaza,moslems,93315,46384,46931
Southern,Gaza,jews,421,240,181
Southern,Gaza,christians,897,444,453
Southern,Gaza,bahais,1,1,0
Southern,Beersheba,all,51082,27689,23393
Southern,Beersheba,moslems,50907,27600,23307
Southern,Beersheba,jews,17,9,8
Southern,Beersheba,christians,153,78,75
Southern,Beersheba,bahais,5,2,3
Southern,Jaffa,all,145502,75231,70271
Southern,Jaffa,moslems,65478,35004,30474
Southern,Jaffa,jews,69789,35008,34781
Southern,Jaffa,christians,9921,5064,4857
Southern,Jaffa,druzes,2,1,1
Southern,Jaffa,bahais,1,1,0
Southern,Jaffa,samaritans,6,4,2
Southern,Jaffa,no_religion,305,149,156
Southern,Ramle,all,70579,36649,33930
Southern,Ramle,moslems,57887,29598,28289
Southern,Ramle,jews,8496,4570,3926
Southern,Ramle,christians,4184,2473,1711
Southern,Ramle,druzes,2,1,1
Southern,Ramle,bahais,10,7,3
Jerusalem,ALL,all,266562,133201,133361
Jerusalem,ALL,moslems,173019,87677,85342
Jerusalem,ALL,jews,54959,26894,28065
Jerusalem,ALL,christians,38488,18567,19921
Jerusalem,ALL,druzes,28,23,5
Jerusalem,ALL,bahais,15,6,9
Jerusalem,ALL,samaritans,1,1,0
Jerusalem,ALL,no_religion,52,33,19
Jerusalem,Hebron,all,67631,34056,33575
Jerusalem,Hebron,moslems,67364,33920,33444
Jerusalem,Hebron,jews,135,72,63
Jerusalem,Hebron,christians,124,62,62
Jerusalem,Hebron,bahais,8,2,6
Jerusalem,Bethlehem,all,23725,11560,12165
Jerusalem,Bethlehem,moslems,13047,6695,6352
Jerusalem,Bethlehem,jews,42,22,20
Jerusalem,Bethlehem,christians,10628,4841,5787
Jerusalem,Bethlehem,no_religion,8,2,6
Jerusalem,Jerusalem,all,132661,66612,66049
Jerusalem,Jerusalem,moslems,57762,29782,27980
Jerusalem,Jerusalem,jews,54538,26573,27965
Jerusalem,Jerusalem,christians,20309,10221,10088
Jerusalem,Jerusalem,druzes,3,3,0
Jerusalem,Jerusalem,bahais,7,4,3
Jerusalem,Jerusalem,samaritans,1,1,0
Jerusalem,Jerusalem,no_religion,41,28,13
Jerusalem,Jericho,all,3483,2170,1313
Jerusalem,Jericho,moslems,2949,1750,1199
Jerusalem,Jericho,jews,243,227,16
Jerusalem,Jericho,christians,263,170,93
Jerusalem,Jericho,druzes,25,20,5
Jerusalem,Jericho,no_religion,3,3,0
Jerusalem,Ramallah,all,39062,18803,20259
Jerusalem,Ramallah,moslems,31897,15530,16367
Jerusalem,Ramallah,jews,1,0,1
Jerusalem,Ramallah,christians,7164,3273,3891
Northern,ALL,all,407462,206841,200621
Northern,ALL,moslems,319106,161331,157775
Northern,ALL,jews,40928,21379,19549
Northern,ALL,christians,37755,19270,18485
Northern,ALL,druzes,9116,4553,4563
Northern,ALL,bahais,318,172,146
Northern,ALL,samaritans,175,88,87
Northern,ALL,no_religion,64,48,16
Northern,Tulkarm,all,46328,23466,22862
Northern,Tulkarm,moslems,45290,22820,22470
Northern,Tulkarm,jews,666,434,232
Northern,Tulkarm,christians,356,203,153
Northern,Tulkarm,druzes,4,3,1
Northern,Tulkarm,samaritans,12,6,6
Northern,Nablus,all,68706,33772,34934
Northern,Nablus,moslems,67314,33068,34246
Northern,Nablus,jews,10,7,3
Northern,Nablus,christians,1214,615,599
Northern,Nablus,druzes,7,2,5
Northern,Nablus,samaritans,161,80,81
Northern,Jenin,all,41411,20268,21143
Northern,Jenin,moslems,40555,19853,20702
Northern,Jenin,jews,4,2,2
Northern,Jenin,christians,851,412,439
Northern,Jenin,druzes,1,1,0
Northern,Nazareth,all,28592,14077,14515
Northern,Nazareth,moslems,18019,8806,9213
Northern,Nazareth,jews,3172,1629,1543
Northern,Nazareth,christians,7384,3629,3755
Northern,Nazareth,druzes,1,0,1
Northern,Nazareth,bahais,5,3,2
Northern,Nazareth,no_religion,11,10,1
Northern,Beisan,all,15123,8045,7078
Northern,Beisan,moslems,12672,6656,6016
Northern,Beisan,jews,1950,1102,848
Northern,Beisan,christians,477,271,206
Northern,Beisan,druzes,20,13,7
Northern,Beisan,samaritans,1,1,0
Northern,Beisan,no_religion,3,2,1
Northern,Tiberias,all,26975,13736,13239
Northern,Tiberias,moslems,16546,8460,8086
Northern,Tiberias,jews,7785,3921,3864
Northern,Tiberias,christians,1734,892,842
Northern,Tiberias,druzes,891,451,440
Northern,Tiberias,bahais,18,11,7
Northern,Tiberias,no_religion,1,1,0
Northern,Haifa,all,95472,50522,44950
Northern,Haifa,moslems,52830,28181,24649
Northern,Haifa,jews,23367,12286,11081
Northern,Haifa,christians,16492,8629,7863
Northern,Haifa,druzes,2538,1283,1255
Northern,Haifa,bahais,196,108,88
Northern,Haifa,samaritans,1,1,0
Northern,Haifa,no_religion,48,34,14
Northern,Acre,all,45142,23177,21965
Northern,Acre,moslems,31905,16582,15323
Northern,Acre,jews,296,162,134
Northern,Acre,christians,7672,3809,3863
Northern,Acre,druzes,5171,2575,2596
Northern,Acre,bahais,98,49,49
Northern,Safad,all,39713,19778,19935
Northern,Safad,moslems,33975,16905,17070
Northern,Safad,jews,3678,1836,1842
Northern,Safad,christians,1575,810,765
Northern,Safad,druzes,483,225,258
Northern,Safad,bahais,1,1,0
Northern,Safad,no_religion,1,1,0
