district,religion,age_group,total_p,total_m,total_f,literate_p,literate_m,literate_f,illiterate_p,illiterate_m,illiterate_f
Palestine,all,total,969268,491258,478010,247316,163714,83602,721952,327544,394408
Palestine,all,0-7,229046,117239,111807,6088,3534,2554,222958,113705,109253
Palestine,all,7-14,141788,77102,64686,49829,33342,16487,91959,43760,48199
Palestine,all,14-21,108495,55534,52961,40067,25557,14510,68428,29977,38451
Palestine,all,21+,489490,241097,248393,151232,101199,50033,338258,139898,198360
Palestine,all,not_recorded,449,286,163,100,82,18,349,204,145
Palestine,moslems,total,693159,352172,340987,75659,66711,8948,617500,285461,332039
Palestine,moslems,0-7,177219,90541,86678,1495,1095,400,175724,89446,86278
Palestine,moslems,7-14,104396,57770,46626,21420,18110,3310,82976,39660,43316
Palestine,moslems,14-21,76291,39791,36500,13738,11594,2144,62553,28197,34356
Palestine,moslems,21+,335130,164003,171127,39000,35906,3094,296130,128097,168033
Palestine,moslems,not_recorded,123,67,56,6,6,0,117,61,56
Palestine,jews,total,174610,88100,86510,126092,68710,57382,48518,19390,29128
Palestine,jews,0-7,32059,16423,15636,3512,1867,1645,28547,14556,13991
Palestine,jews,7-14,22903,11711,11192,19982,10409,9573,2921,1302,1619
Palestine,jews,14-21,19448,9396,10052,17841,9015,8826,1607,381,1226
Palestine,jews,21+,99894,50362,49532,84664,47344,37320,15230,3018,12212
Palestine,jews,not_recorded,306,208,98,93,75,18,213,133,80
Palestine,christians,total,91398,45896,45502,43695,26848,16847,47703,19048,28655
Palestine,christians,0-7,17503,9116,8387,1040,548,492,16463,8568,7895
Palestine,christians,7-14,12935,6794,6141,8013,4506,3507,4922,2288,2634
Palestine,christians,14-21,11737,5853,5884,8251,4763,3488,3486,1090,2396
Palestine,christians,21+,49204,24123,25081,26390,17030,9360,22814,7093,15721
Palestine,christians,not_recorded,19,10,9,1,1,0,18,9,9
Palestine,others,total,10101,5090,5011,1870,1445,425,8231,3645,4586
Palestine,others,0-7,2265,1159,1106,41,24,17,2224,1135,1089
Palestine,others,7-14,1554,827,727,414,317,97,1140,510,630
Palestine,others,14-21,1019,494,525,237,185,52,782,309,473
Palestine,others,21+,5262,2609,2653,1178,919,259,4084,1690,2394
Palestine,others,not_recorded,1,1,0,0,0,0,1,1,0
Southern,all,total,304532,155983,148549,87881,53939,33942,216651,102044,114607
Southern,all,0-7,73007,37323,35684,2216,1304,912,70791,36019,34772
Southern,all,7-14,41901,22851,19050,15540,9941,5599,26361,12910,13451
Southern,all,14-21,32938,16843,16095,13165,7830,5335,19773,9013,10760
Southern,all,21+,156397,78772,77625,56868,34790,22078,99529,43982,55547
Southern,all,not_recorded,289,194,95,92,74,18,197,120,77
Southern,moslems,total,210322,107931,102391,19122,16693,2429,191200,91238,99962
Southern,moslems,0-7,56894,29075,27819,576,439,137,56318,28636,27682
Southern,moslems,7-14,30442,16980,13462,5660,4759,901,24782,12221,12561
Southern,moslems,14-21,22057,11524,10533,3442,2857,585,18615,8667,9948
Southern,moslems,21+,100893,50328,50565,9444,8638,806,91449,41690,49759
Southern,moslems,not_recorded,36,24,12,0,0,0,36,24,12
Southern,jews,total,78723,39827,38896,60704,32327,28377,18019,7500,10519
Southern,jews,0-7,13055,6650,6405,1329,701,628,11726,5949,5777
Southern,jews,7-14,9432,4759,4673,8531,4421,4110,901,338,563
Southern,jews,14-21,8943,4378,4565,8376,4238,4138,567,140,427
Southern,jews,21+,47043,23871,23172,42376,22893,19483,4667,978,3689
Southern,jews,not_recorded,250,169,81,92,74,18,158,95,63
Southern,christians,total,15155,8059,7096,7779,4783,2996,7376,3276,4100
Southern,christians,0-7,3015,1577,1438,308,163,145,2707,1414,1293
Southern,christians,7-14,2006,1103,903,1331,755,576,675,348,327
Southern,christians,14-21,1916,931,985,1327,726,601,589,205,384
Southern,christians,21+,8215,4447,3768,4813,3139,1674,3402,1308,2094
Southern,christians,not_recorded,3,1,2,0,0,0,3,1,2
Southern,others,total,332,166,166,276,136,140,56,30,26
Southern,others,0-7,43,21,22,3,1,2,40,20,20
Southern,others,7-14,21,9,12,18,6,12,3,3,0
Southern,others,14-21,22,10,12,20,9,11,2,1,1
Southern,others,21+,246,126,120,235,120,115,11,6,5
Southern,others,not_recorded,0,0,0,0,0,0,0,0,0
Jerusalem,all,total,257490,128536,128954,72402,45800,26602,185088,82736,102352
Jerusalem,all,0-7,60286,30951,29335,1772,981,791,58514,29970,28544
Jerusalem,all,7-14,39103,21171,17932,15826,9793,6033,23277,11378,11899
Jerusalem,all,14-21,28967,14589,14378,13190,7798,5392,15777,6791,8986
Jerusalem,all,21+,129080,61792,67288,41609,27223,14386,87471,34569,52902
Jerusalem,all,not_recorded,54,33,21,5,5,0,49,28,21
Jerusalem,moslems,total,163947,83012,80935,17384,14853,2531,146563,68159,78404
Jerusalem,moslems,0-7,42290,21735,20555,309,224,85,41981,21511,20470
Jerusalem,moslems,7-14,24890,13835,11055,5001,4091,910,19889,9744,10145
Jerusalem,moslems,14-21,17093,8874,8219,3191,2574,617,13902,6300,7602
Jerusalem,moslems,21+,79654,38554,41100,8879,7960,919,70775,30594,40181
Jerusalem,moslems,not_recorded,20,14,6,4,4,0,16,10,6
Jerusalem,jews,total,54959,26894,28065,35537,19688,15849,19422,7206,12216
Jerusalem,jews,0-7,11084,5664,5420,1137,597,540,9947,5067,4880
Jerusalem,jews,7-14,8562,4418,4144,7240,3786,3454,1322,632,690
Jerusalem,jews,14-21,6633,3080,3553,5934,2963,2971,699,117,582
Jerusalem,jews,21+,28661,13721,14940,21226,12342,8884,7435,1379,6056
Jerusalem,jews,not_recorded,19,11,8,0,0,0,19,11,8
Jerusalem,christians,total,38488,18567,19921,19415,11213,8202,19073,7354,11719
Jerusalem,christians,0-7,6902,3547,3355,326,160,166,6576,3387,3189
Jerusalem,christians,7-14,5645,2916,2729,3583,1916,1667,2062,1000,1062
Jerusalem,christians,14-21,5229,2628,2601,4058,2256,1802,1171,372,799
Jerusalem,christians,21+,20697,9468,11229,11447,6880,4567,9250,2588,6662
Jerusalem,christians,not_recorded,15,8,7,1,1,0,14,7,7
Jerusalem,others,total,96,63,33,66,46,20,30,17,13
Jerusalem,others,0-7,10,5,5,0,0,0,10,5,5
Jerusalem,others,7-14,6,2,4,2,0,2,4,2,2
Jerusalem,others,14-21,12,7,5,7,5,2,5,2,3
Jerusalem,others,21+,68,49,19,57,41,16,11,8,3
Jerusalem,others,not_recorded,0,0,0,0,0,0,0,0,0
Northern,all,total,407246,206739,200507,87033,63975,23058,320213,142764,177449
Northern,all,0-7,95753,48965,46788,2100,1249,851,93653,47716,45937
Northern,all,7-14,60784,33080,27704,18463,13608,4855,42321,19472,22849
Northern,all,14-21,46590,24102,22488,13712,9929,3783,32878,14173,18705
Northern,all,21+,204013,100533,103480,52755,39186,13569,151258,61347,89911
Northern,all,not_recorded,106,59,47,3,3,0,103,56,47
Northern,moslems,total,318890,161229,157661,39153,35165,3988,279737,126064,153673
Northern,moslems,0-7,78035,39731,38304,610,432,178,77425,39299,38126
Northern,moslems,7-14,49064,26955,22109,10759,9260,1499,38305,17695,20610
Northern,moslems,14-21,37141,19393,17748,7105,6163,942,30036,13230,16806
Northern,moslems,21+,154583,75121,79462,20677,19308,1369,133906,55813,78093
Northern,moslems,not_recorded,67,29,38,2,2,0,65,27,38
Northern,jews,total,40928,21379,19549,29851,16695,13156,11077,4684,6393
Northern,jews,0-7,7920,4109,3811,1046,569,477,6874,3540,3334
Northern,jews,7-14,4909,2534,2375,4211,2202,2009,698,332,366
Northern,jews,14-21,3872,1938,1934,3531,1814,1717,341,124,217
Northern,jews,21+,24190,12770,11420,21062,12109,8953,3128,661,2467
Northern,jews,not_recorded,37,28,9,1,1,0,36,27,9
Northern,christians,total,37755,19270,18485,16501,10852,5649,21254,8418,12836
Northern,christians,0-7,7586,3992,3594,406,225,181,7180,3767,3413
Northern,christians,7-14,5284,2775,2509,3099,1835,1264,2185,940,1245
Northern,christians,14-21,4592,2294,2298,2866,1781,1085,1726,513,1213
Northern,christians,21+,20292,10208,10084,10130,7011,3119,10162,3197,6965
Northern,christians,not_recorded,1,1,0,0,0,0,1,1,0
Northern,others,total,9673,4861,4812,1528,1263,265,8145,3598,4547
Northern,others,0-7,2212,1133,1079,38,23,15,2174,1110,1064
Northern,others,7-14,1527,816,711,394,311,83,1133,505,628
Northern,others,14-21,985,477,508,210,171,39,775,306,469
Northern,others,21+,4948,2434,2514,886,758,128,4062,1676,2386
Northern,others,not_recorded,1,1,0,0,0,0,1,1,0
