religion,district,subdistrict,pop_p,pop_m,pop_f,cases_p,cases_m,cases_f,ins_p,ins_pb,ins_m,ins_mb,ins_f,ins_fb,b1_p,b1_pb,b1_m,b1_mb,b1_f,b1_fb,bl_p,bl_pb,bl_m,bl_mb,bl_f,bl_fb,df_p,df_pb,df_m,df_mb,df_f,df_fb,dd_p,dd_pb,dd_m,dd_mb,dd_f,dd_fb
all,Palestine,ALL,969268,491258,478010,30017,15291,14726,809,20,459,13,350,7,19076,131,10277,68,8799,63,8172,316,3483,184,4689,132,1541,64,819,45,722,19,419,128,253,83,166,45
all,Southern,ALL,304532,155983,148549,12683,6342,6341,157,2,99,2,58,0,8534,47,4472,19,4062,28,3462,78,1475,44,1987,34,429,17,232,14,197,3,101,26,64,17,37,9
all,Southern,Gaza,94104,46802,47302,6488,3041,3447,51,1,34,1,17,0,4387,43,2135,15,2252,28,1819,37,747,18,1072,19,192,9,101,7,91,2,39,11,24,7,15,4
all,Southern,Beersheba,3101,1667,1434,130,79,51,0,0,0,0,0,0,69,0,43,0,26,0,47,0,26,0,21,0,2,0,1,0,1,0,12,3,9,2,3,1
all,Southern,Jaffa,140534,72707,67827,2487,1368,1119,76,0,44,0,32,0,1693,3,980,3,713,0,552,10,249,8,303,2,135,3,78,2,57,1,31,7,17,4,14,3
all,Southern,Ramle,66793,34807,31986,3578,1854,1724,30,1,21,1,9,0,2385,1,1314,1,1071,0,1044,31,453,18,591,13,100,5,52,5,48,0,19,7,14,6,5,1
all,Jerusalem,ALL,257490,128536,128954,8606,4309,4297,350,3,169,2,181,1,5445,38,2897,21,2548,17,2242,75,950,48,1292,27,435,13,222,6,213,7,134,31,71,19,63,12
all,Jerusalem,Hebron,65630,32987,32643,3207,1612,1595,44,1,23,1,21,0,2105,13,1138,7,967,6,883,22,355,14,528,8,140,7,77,3,63,4,35,7,19,4,16,3
all,Jerusalem,Bethlehem,16781,8023,8758,654,331,323,95,0,56,0,39,0,345,0,176,0,169,0,173,1,83,1,90,0,26,0,11,0,15,0,15,2,5,1,10,1
all,Jerusalem,Jerusalem,132661,66612,66049,3020,1525,1495,190,2,80,2,110,0,1788,23,967,13,821,10,786,26,353,17,433,9,185,1,89,0,96,1,71,17,36,10,35,7
all,Jerusalem,Jericho,3356,2111,1245,36,19,17,2,0,0,0,2,0,23,0,13,0,10,0,7,0,2,0,5,0,3,0,3,0,0,0,1,0,1,0,0,0
all,Jerusalem,Ramallah,39062,18803,20259,1689,822,867,19,0,10,0,9,0,1184,2,603,1,581,1,393,27,157,17,236,10,81,5,42,3,39,2,12,5,10,4,2,1
all,Northern,ALL,407246,206739,200507,8728,4640,4088,302,15,191,9,111,6,5097,46,2908,28,2189,18,2468,163,1058,92,1410,71,677,34,365,25,312,9,184,71,118,47,66,24
all,Northern,Tulkarm,46328,23466,22862,1558,847,711,28,4,20,4,8,0,1013,4,598,1,415,3,428,25,176,9,252,16,72,2,43,2,29,0,17,5,10,4,7,1
all,Northern,Nablus,68490,33670,34820,1398,767,631,53,2,34,1,19,1,818,13,477,10,341,3,397,45,185,27,212,18,93,6,48,4,45,2,37,19,23,13,14,6
all,Northern,Jenin,41411,20268,21143,1269,619,650,33,2,20,0,13,2,832,3,430,2,402,1,329,15,130,8,199,7,60,1,29,1,31,0,15,10,10,8,5,2
all,Northern,Nazareth,28592,14077,14515,697,332,365,20,1,11,1,9,0,399,4,191,3,208,1,196,20,88,13,108,7,70,5,32,5,38,0,12,4,10,3,2,1
all,Northern,Beisan,15123,8045,7078,267,143,124,14,0,9,0,5,0,153,4,91,3,62,1,69,6,28,4,41,2,22,1,11,1,11,0,9,4,4,2,5,2
all,Northern,Tiberias,26975,13736,13239,424,217,207,28,1,17,0,11,1,212,0,114,0,98,0,123,5,52,2,71,3,48,1,28,0,20,1,13,6,6,3,7,3
all,Northern,Haifa,95472,50522,44950,1395,775,620,54,5,30,3,24,2,804,5,472,2,332,3,383,15,173,10,210,5,123,11,75,9,48,2,31,9,25,7,6,2
all,Northern,Acre,45142,23177,21965,1105,632,473,45,0,36,0,9,0,567,5,370,4,197,1,357,16,155,7,202,9,104,2,52,1,52,1,32,9,19,3,13,6
all,Northern,Safad,39713,19778,19935,615,308,307,27,0,14,0,13,0,299,6,165,3,134,3,186,16,71,12,115,4,85,5,47,2,38,3,18,5,11,4,7,1
moslems,Palestine,ALL,693159,352172,340987,26735,13655,13080,453,16,279,10,174,6,17415,116,9409,60,8006,56,7356,299,3111,175,4245,124,1197,61,653,43,544,18,314,109,203,74,111,35
moslems,Southern,ALL,210322,107931,102391,12077,6014,6063,97,1,65,1,32,0,8192,46,4272,18,3920,28,3354,77,1427,44,1927,33,351,16,194,13,157,3,83,22,56,14,27,8
moslems,Southern,Gaza,92785,46117,46668,6470,3030,3440,51,1,34,1,17,0,4372,43,2124,15,2248,28,1816,37,747,18,1069,19,192,9,101,7,91,2,39,11,24,7,15,4
moslems,Southern,Beersheba,2926,1578,1348,124,74,50,0,0,0,0,0,0,65,0,40,0,25,0,45,0,24,0,21,0,2,0,1,0,1,0,12,3,9,2,3,1
moslems,Southern,Jaffa,60510,32480,28030,2047,1146,901,21,0,14,0,7,0,1461,2,859,2,602,0,480,10,218,8,262,2,68,2,44,1,24,1,17,6,11,3,6,3
moslems,Southern,Ramle,54101,27756,26345,3436,1764,1672,25,0,17,0,8,0,2294,1,1249,1,1045,0,1013,30,438,18,575,12,89,5,48,5,41,0,15,4,12,4,3,0
moslems,Jerusalem,ALL,163947,83012,80935,6945,3531,3414,105,2,54,1,51,1,4673,31,2524,18,2149,13,1795,68,749,43,1046,25,295,13,157,6,138,7,77,23,47,15,30,8
moslems,Jerusalem,Hebron,65363,32851,32512,3204,1609,1595,44,1,23,1,21,0,2103,13,1136,7,967,6,882,22,354,14,528,8,140,7,77,3,63,4,35,7,19,4,16,3
moslems,Jerusalem,Bethlehem,6103,3158,2945,209,121,88,19,0,12,0,7,0,127,0,80,0,47,0,54,0,24,0,30,0,5,0,2,0,3,0,4,0,3,0,1,0
moslems,Jerusalem,Jerusalem,57762,29782,27980,2035,1075,960,27,1,14,1,13,0,1391,16,772,10,619,6,511,21,232,13,279,8,78,1,40,0,38,1,28,12,17,8,11,4
moslems,Jerusalem,Jericho,2822,1691,1131,35,18,17,2,0,0,0,2,0,22,0,12,0,10,0,7,0,2,0,5,0,3,0,3,0,0,0,1,0,1,0,0,0
moslems,Jerusalem,Ramallah,31897,15530,16367,1462,708,754,13,0,5,0,8,0,1030,2,524,1,506,1,341,25,137,16,204,9,69,5,35,3,34,2,9,4,7,3,2,1
moslems,Northern,ALL,318890,161229,157661,7713,4110,3603,251,13,160,8,91,5,4550,39,2613,24,1937,15,2207,154,935,88,1272,66,551,32,302,24,249,8,154,64,100,45,54,19
moslems,Northern,Tulkarm,45290,22820,22470,1554,844,710,28,4,20,4,8,0,1010,4,595,1,415,3,427,25,176,9,251,16,72,2,43,2,29,0,17,5,10,4,7,1
moslems,Northern,Nablus,67098,32966,34132,1379,760,619,53,2,34,1,19,1,806,11,472,8,334,3,392,44,183,27,209,17,91,6,48,4,43,2,37,19,23,13,14,6
moslems,Northern,Jenin,40555,19853,20702,1242,608,634,33,2,20,0,13,2,813,3,423,2,390,1,323,14,126,7,197,7,59,1,29,1,30,0,14,10,10,8,4,2
moslems,Northern,Nazareth,18019,8806,9213,510,249,261,13,0,7,0,6,0,290,4,147,3,143,1,148,18,65,12,83,6,51,5,23,5,28,0,8,3,7,2,1,1
moslems,Northern,Beisan,12672,6656,6016,255,134,121,14,0,9,0,5,0,144,4,85,3,59,1,67,5,26,3,41,2,21,1,10,1,11,0,9,4,4,2,5,2
moslems,Northern,Tiberias,16546,8460,8086,294,163,131,15,0,11,0,4,0,148,0,90,0,58,0,89,4,36,2,53,2,32,0,21,0,11,0,10,6,5,3,5,3
moslems,Northern,Haifa,52830,28181,24649,1125,626,499,36,5,18,3,18,2,659,2,384,0,275,2,317,14,145,10,172,4,92,11,61,9,31,2,21,7,18,5,3,2
moslems,Northern,Acre,31905,16582,15323,809,455,354,38,0,30,0,8,0,418,2,275,2,143,0,275,14,112,5,163,9,57,1,25,0,32,1,21,5,13,2,8,3
moslems,Northern,Safad,33975,16905,17070,545,271,274,21,0,11,0,10,0,262,6,142,3,120,3,169,13,66,11,103,2,76,5,42,2,34,3,17,5,10,4,7,1
christians,Palestine,ALL,91398,45896,45502,1940,927,1013,100,3,57,3,43,0,1110,10,555,5,555,5,515,13,212,6,303,7,162,1,79,1,83,0,53,9,24,5,29,4
christians,Southern,ALL,15155,8059,7096,336,185,151,9,1,7,1,2,0,240,0,135,0,105,0,70,1,30,0,40,1,16,0,12,0,4,0,1,1,1,1,0,0
christians,Southern,Gaza,897,444,453,17,10,7,0,0,0,0,0,0,14,0,10,0,4,0,3,0,0,0,3,0,0,0,0,0,0,0,0,0,0,0,0,0
christians,Southern,Beersheba,153,78,75,6,5,1,0,0,0,0,0,0,4,0,3,0,1,0,2,0,2,0,0,0,0,0,0,0,0,0,0,0,0,0,0,0
christians,Southern,Jaffa,9921,5064,4857,201,99,102,4,0,3,0,1,0,146,0,70,0,76,0,37,0,15,0,22,0,14,0,11,0,3,0,0,0,0,0,0,0
christians,Southern,Ramle,4184,2473,1711,112,71,41,5,1,4,1,1,0,76,0,52,0,24,0,28,1,13,0,15,1,2,0,1,0,1,0,1,1,1,1,0,0
christians,Jerusalem,ALL,38488,18567,19921,978,428,550,70,1,35,1,35,0,514,3,234,1,280,2,287,6,112,4,175,2,69,0,33,0,36,0,38,5,14,3,24,2
christians,Jerusalem,Hebron,124,62,62,0,0,0,0,0,0,0,0,0,0,0,0,0,0,0,0,0,0,0,0,0,0,0,0,0,0,0,0,0,0,0,0,0
christians,Jerusalem,Bethlehem,10628,4841,5787,410,189,221,41,0,23,0,18,0,218,0,96,0,122,0,119,1,59,1,60,0,21,0,9,0,12,0,11,2,2,1,9,1
christians,Jerusalem,Jerusalem,20309,10221,10088,341,125,216,23,1,7,1,16,0,142,3,59,1,83,2,116,4,33,3,83,1,36,0,17,0,19,0,24,2,9,1,15,1
christians,Jerusalem,Jericho,263,170,93,0,0,0,0,0,0,0,0,0,0,0,0,0,0,0,0,0,0,0,0,0,0,0,0,0,0,0,0,0,0,0,0,0
christians,Jerusalem,Ramallah,7164,3273,3891,227,114,113,6,0,5,0,1,0,154,0,79,0,75,0,52,2,20,1,32,1,12,0,7,0,5,0,3,1,3,1,0,0
christians,Northern,ALL,37755,19270,18485,626,314,312,21,1,15,1,6,0,356,7,186,4,170,3,158,6,70,2,88,4,77,1,34,1,43,0,14,3,9,1,5,2
christians,Northern,Tulkarm,356,203,153,3,2,1,0,0,0,0,0,0,2,0,2,0,0,0,1,0,0,0,1,0,0,0,0,0,0,0,0,0,0,0,0,0
christians,Northern,Nablus,1214,615,599,19,7,12,0,0,0,0,0,0,12,2,5,2,7,0,5,1,2,0,3,1,2,0,0,0,2,0,0,0,0,0,0,0
christians,Northern,Jenin,851,412,439,27,11,16,0,0,0,0,0,0,19,0,7,0,12,0,6,1,4,1,2,0,1,0,0,0,1,0,1,0,0,0,1,0
christians,Northern,Nazareth,7384,3629,3755,183,79,104,7,1,4,1,3,0,105,0,40,0,65,0,48,2,23,1,25,1,19,0,9,0,10,0,4,1,3,1,1,0
christians,Northern,Beisan,477,271,206,6,4,2,0,0,0,0,0,0,4,0,2,0,2,0,1,1,1,1,0,0,1,0,1,0,0,0,0,0,0,0,0,0
christians,Northern,Tiberias,1734,892,842,22,8,14,0,0,0,0,0,0,17,0,7,0,10,0,3,0,1,0,2,0,1,0,0,0,1,0,1,0,0,0,1,0
christians,Northern,Haifa,16492,8629,7863,163,91,72,11,0,9,0,2,0,84,2,52,1,32,1,45,1,19,0,26,1,21,0,10,0,11,0,2,1,1,1,1,0
christians,Northern,Acre,7672,3809,3863,175,102,73,3,0,2,0,1,0,95,3,62,2,33,1,40,1,19,1,21,0,31,1,14,1,17,0,6,1,5,1,1,0
christians,Northern,Safad,1575,810,765,28,10,18,0,0,0,0,0,0,18,0,9,0,9,0,9,2,1,0,8,2,1,0,0,0,1,0,0,0,0,0,0,0
jews,Palestine,ALL,174610,88100,86510,1156,597,559,249,1,118,0,131,1,454,5,253,3,201,2,244,3,131,2,113,1,163,2,71,1,92,1,46,6,24,3,22,3
jews,Southern,ALL,78723,39827,38896,270,143,127,51,0,27,0,24,0,102,1,65,1,37,0,38,0,18,0,20,0,62,1,26,1,36,0,17,3,7,2,10,1
jews,Southern,Gaza,421,240,181,1,1,0,0,0,0,0,0,0,1,0,1,0,0,0,0,0,0,0,0,0,0,0,0,0,0,0,0,0,0,0,0,0
jews,Southern,Beersheba,17,9,8,0,0,0,0,0,0,0,0,0,0,0,0,0,0,0,0,0,0,0,0,0,0,0,0,0,0,0,0,0,0,0,0,0
jews,Southern,Jaffa,69789,35008,34781,239,123,116,51,0,27,0,24,0,86,1,51,1,35,0,35,0,16,0,19,0,53,1,23,1,30,0,14,1,6,1,8,0
jews,Southern,Ramle,8496,4570,3926,30,19,11,0,0,0,0,0,0,15,0,13,0,2,0,3,0,2,0,1,0,9,0,3,0,6,0,3,2,1,1,2,1
jews,Jerusalem,ALL,54959,26894,28065,682,349,333,175,1,80,0,95,1,257,4,138,2,119,2,160,1,89,1,71,0,71,0,32,0,39,0,19,3,10,1,9,2
jews,Jerusalem,Hebron,135,72,63,3,3,0,0,0,0,0,0,0,2,0,2,0,0,0,1,0,1,0,0,0,0,0,0,0,0,0,0,0,0,0,0,0
jews,Jerusalem,Bethlehem,42,22,20,35,21,14,35,0,21,0,14,0,0,0,0,0,0,0,0,0,0,0,0,0,0,0,0,0,0,0,0,0,0,0,0,0
jews,Jerusalem,Jerusalem,54538,26573,27965,644,325,319,140,0,59,0,81,0,255,4,136,2,119,2,159,1,88,1,71,0,71,0,32,0,39,0,19,3,10,1,9,2
jews,Jerusalem,Jericho,243,227,16,0,0,0,0,0,0,0,0,0,0,0,0,0,0,0,0,0,0,0,0,0,0,0,0,0,0,0,0,0,0,0,0,0
jews,Jerusalem,Ramallah,1,0,1,0,0,0,0,0,0,0,0,0,0,0,0,0,0,0,0,0,0,0,0,0,0,0,0,0,0,0,0,0,0,0,0,0
jews,Northern,ALL,40928,21379,19549,204,105,99,23,1,11,0,12,1,95,0,50,0,45,0,46,2,24,1,22,1,30,1,13,0,17,1,10,0,7,0,3,0
jews,Northern,Tulkarm,666,434,232,1,1,0,0,0,0,0,0,0,1,0,1,0,0,0,0,0,0,0,0,0,0,0,0,0,0,0,0,0,0,0,0,0
jews,Northern,Nablus,10,7,3,0,0,0,0,0,0,0,0,0,0,0,0,0,0,0,0,0,0,0,0,0,0,0,0,0,0,0,0,0,0,0,0,0
jews,Northern,Jenin,4,2,2,0,0,0,0,0,0,0,0,0,0,0,0,0,0,0,0,0,0,0,0,0,0,0,0,0,0,0,0,0,0,0,0,0
jews,Northern,Nazareth,3172,1629,1543,4,4,0,0,0,0,0,0,0,4,0,4,0,0,0,0,0,0,0,0,0,0,0,0,0,0,0,0,0,0,0,0,0
jews,Northern,Beisan,1950,1102,848,6,5,1,0,0,0,0,0,0,5,0,4,0,1,0,1,0,1,0,0,0,0,0,0,0,0,0,0,0,0,0,0,0
jews,Northern,Tiberias,7785,3921,3864,87,35,52,9,1,4,0,5,1,33,0,11,0,22,0,29,1,13,0,16,1,14,1,6,0,8,1,2,0,1,0,1,0
jews,Northern,Haifa,23367,12286,11081,69,34,35,6,0,2,0,4,0,38,1,20,1,18,0,10,0,5,0,5,0,8,0,2,0,6,0,7,0,5,0,2,0
jews,Northern,Acre,296,162,134,4,4,0,2,0,2,0,0,0,1,0,1,0,0,0,1,0,1,0,0,0,0,0,0,0,0,0,0,0,0,0,0,0
jews,Northern,Safad,3678,1836,1842,33,22,11,6,0,3,0,3,0,13,0,9,0,4,0,5,1,4,1,1,0,8,0,5,0,3,0,1,0,1,0,0,0
others,Palestine,ALL,10101,5090,5011,186,112,74,7,0,5,0,2,0,97,0,60,0,37,0,57,1,29,1,28,0,19,0,16,0,3,0,6,4,2,1,4,3
others,Southern,ALL,332,166,166,0,0,0,0,0,0,0,0,0,0,0,0,0,0,0,0,0,0,0,0,0,0,0,0,0,0,0,0,0,0,0,0,0
others,Southern,Gaza,1,1,0,0,0,0,0,0,0,0,0,0,0,0,0,0,0,0,0,0,0,0,0,0,0,0,0,0,0,0,0,0,0,0,0,0
others,Southern,Beersheba,5,2,3,0,0,0,0,0,0,0,0,0,0,0,0,0,0,0,0,0,0,0,0,0,0,0,0,0,0,0,0,0,0,0,0,0
others,Southern,Jaffa,314,155,159,0,0,0,0,0,0,0,0,0,0,0,0,0,0,0,0,0,0,0,0,0,0,0,0,0,0,0,0,0,0,0,0,0
others,Southern,Ramle,12,8,4,0,0,0,0,0,0,0,0,0,0,0,0,0,0,0,0,0,0,0,0,0,0,0,0,0,0,0,0,0,0,0,0,0
others,Jerusalem,ALL,96,63,33,1,1,0,0,0,0,0,0,0,1,0,1,0,0,0,0,0,0,0,0,0,0,0,0,0,0,0,0,0,0,0,0,0
others,Jerusalem,Hebron,8,2,6,0,0,0,0,0,0,0,0,0,0,0,0,0,0,0,0,0,0,0,0,0,0,0,0,0,0,0,0,0,0,0,0,0
others,Jerusalem,Bethlehem,8,2,6,0,0,0,0,0,0,0,0,0,0,0,0,0,0,0,0,0,0,0,0,0,0,0,0,0,0,0,0,0,0,0,0,0
others,Jerusalem,Jerusalem,52,36,16,0,0,0,0,0,0,0,0,0,0,0,0,0,0,0,0,0,0,0,0,0,0,0,0,0,0,0,0,0,0,0,0,0
others,Jerusalem,Jericho,28,23,5,1,1,0,0,0,0,0,0,0,1,0,1,0,0,0,0,0,0,0,0,0,0,0,0,0,0,0,0,0,0,0,0,0
others,Jerusalem,Ramallah,0,0,0,0,0,0,0,0,0,0,0,0,0,0,0,0,0,0,0,0,0,0,0,0,0,0,0,0,0,0,0,0,0,0,0,0
others,Northern,ALL,9673,4861,4812,185,111,74,7,0,5,0,2,0,96,0,59,0,37,0,57,1,29,1,28,0,19,0,16,0,3,0,6,4,2,1,4,3
others,Northern,Tulkarm,16,9,7,0,0,0,0,0,0,0,0,0,0,0,0,0,0,0,0,0,0,0,0,0,0,0,0,0,0,0,0,0,0,0,0,0
others,Northern,Nablus,168,82,86,0,0,0,0,0,0,0,0,0,0,0,0,0,0,0,0,0,0,0,0,0,0,0,0,0,0,0,0,0,0,0,0,0
others,Northern,Jenin,1,1,0,0,0,0,0,0,0,0,0,0,0,0,0,0,0,0,0,0,0,0,0,0,0,0,0,0,0,0,0,0,0,0,0,0
others,Northern,Nazareth,17,13,4,0,0,0,0,0,0,0,0,0,0,0,0,0,0,0,0,0,0,0,0,0,0,0,0,0,0,0,0,0,0,0,0,0
others,Northern,Beisan,24,16,8,0,0,0,0,0,0,0,0,0,0,0,0,0,0,0,0,0,0,0,0,0,0,0,0,0,0,0,0,0,0,0,0,0
others,Northern,Tiberias,910,463,447,21,11,10,4,0,2,0,2,0,14,0,6,0,8,0,2,0,2,0,0,0,1,0,1,0,0,0,0,0,0,0,0,0
others,Northern,Haifa,2783,1426,1357,38,24,14,1,0,1,0,0,0,23,0,16,0,7,0,11,0,4,0,7,0,2,0,2,0,0,0,1,1,1,1,0,0
others,Northern,Acre,5269,2624,2645,117,71,46,2,0,2,0,0,0,53,0,32,0,21,0,41,1,23,1,18,0,16,0,13,0,3,0,5,3,1,0,4,3
others,Northern,Safad,485,227,258,9,5,4,0,0,0,0,0,0,6,0,5,0,1,0,3,0,0,0,3,0,0,0,0,0,0,0,0,0,0,0,0,0
