religion,age_group,pop_p,pop_m,pop_f,cases_p,cases_m,cases_f,ins_p,ins_pb,ins_m,ins_mb,ins_f,ins_fb,b1_p,b1_pb,b1_m,b1_mb,b1_f,b1_fb,bl_p,bl_pb,bl_m,bl_mb,bl_f,bl_fb,df_p,df_pb,df_m,df_mb,df_f,df_fb,dd_p,dd_pb,dd_m,dd_mb,dd_f,dd_fb
all,total,969268,491258,478010,30017,15291,14726,809,20,459,13,350,7,19076,131,10277,68,8799,63,8172,316,3483,184,4689,132,1541,64,819,45,722,19,419,128,253,83,166,45
all,0-1,36893,19220,17673,34,23,11,0,0,0,0,0,0,21,2,15,1,6,1,12,6,7,5,5,1,0,0,0,0,0,0,1,1,1,1,0,0
all,1-2,29820,15142,14678,63,37,26,0,0,0,0,0,0,51,1,33,1,18,0,10,0,4,0,6,0,1,0,0,0,1,0,1,1,0,0,1,1
all,2-3,35563,18075,17488,167,85,82,1,0,0,0,1,0,124,2,57,1,67,1,37,8,25,7,12,1,1,0,1,0,0,0,4,2,2,1,2,1
all,3-4,34240,17314,16926,212,124,88,4,0,4,0,0,0,164,5,100,4,64,1,36,11,16,7,20,4,4,1,2,0,2,1,4,2,2,1,2,1
all,4-5,32086,16263,15823,260,150,110,2,0,1,0,1,0,194,2,111,1,83,1,49,6,26,3,23,3,3,1,2,0,1,1,12,4,10,3,2,1
all,0-5,168602,86014,82588,736,419,317,7,0,5,0,2,0,554,12,316,8,238,4,144,31,78,22,66,9,9,2,5,0,4,2,22,10,15,6,7,4
all,5-10,133280,70470,62810,1319,813,506,22,2,16,2,6,0,1005,8,621,5,384,3,191,20,106,16,85,4,40,6,28,5,12,1,61,26,42,22,19,4
all,10-15,78476,42879,35597,1172,746,426,37,2,23,0,14,2,900,12,565,7,335,5,152,17,99,9,53,8,36,6,32,4,4,2,47,19,27,12,20,7
all,15-20,63212,33570,29642,1270,813,457,57,5,36,5,21,0,935,9,616,7,319,2,196,25,111,16,85,9,45,2,28,2,17,0,37,12,22,6,15,6
all,20-25,87717,44305,43412,2095,1178,917,102,4,61,3,41,1,1515,10,845,4,670,6,361,27,195,18,166,9,71,3,47,2,24,1,46,7,30,3,16,4
all,25-30,93234,46566,46668,2644,1382,1262,146,0,86,0,60,0,1918,13,1002,7,916,6,449,27,219,12,230,15,81,4,51,4,30,0,50,17,24,9,26,8
all,30-35,73275,35757,37518,2479,1207,1272,114,2,69,0,45,2,1775,13,851,8,924,5,471,24,209,17,262,7,95,7,63,6,32,1,24,6,15,3,9,3
all,35-40,60356,30480,29876,2489,1300,1189,73,1,43,1,30,0,1820,14,956,8,864,6,474,22,224,11,250,11,93,10,58,8,35,2,29,10,19,7,10,3
all,40-45,49141,22973,26168,2619,1185,1434,69,1,45,1,24,0,1810,7,813,0,997,7,612,35,258,17,354,18,105,4,57,3,48,1,23,1,12,1,11,0
all,45-50,37049,18909,18140,2102,1131,971,51,1,25,0,26,1,1454,7,829,4,625,3,500,16,219,10,281,6,83,3,49,3,34,0,14,5,9,4,5,1
all,50-55,35652,16777,18875,2315,1078,1237,38,1,16,1,22,0,1490,8,759,2,731,6,663,16,240,7,423,9,102,2,51,1,51,1,22,4,12,2,10,2
all,55-60,19747,10127,9620,1370,747,623,25,0,8,0,17,0,858,5,507,1,351,4,400,14,188,7,212,7,75,3,33,1,42,2,12,5,11,4,1,1
all,60-65,26033,11837,14196,2133,1001,1132,21,0,8,0,13,0,1110,7,564,4,546,3,844,13,354,8,490,5,144,3,68,3,76,0,14,4,7,2,7,2
all,65-70,13071,6511,6560,1110,556,554,12,0,5,0,7,0,550,1,315,0,235,1,462,10,196,7,266,3,79,1,39,0,40,1,7,0,1,0,6,0
all,70+,29974,13797,16177,4164,1735,2429,35,1,13,0,22,1,1382,5,718,3,664,2,2253,19,787,7,1466,12,483,8,210,3,273,5,11,2,7,2,4,0
all,not_recorded,449,286,163,0,0,0,0,0,0,0,0,0,0,0,0,0,0,0,0,0,0,0,0,0,0,0,0,0,0,0,0,0,0,0,0,0
moslems,total,693159,352172,340987,26735,13655,13080,453,16,279,10,174,6,17415,116,9409,60,8006,56,7356,299,3111,175,4245,124,1197,61,653,43,544,18,314,109,203,74,111,35
moslems,0-1,28462,14803,13659,32,21,11,0,0,0,0,0,0,19,2,13,1,6,1,12,6,7,5,5,1,0,0,0,0,0,0,1,1,1,1,0,0
moslems,1-2,23012,11628,11384,60,36,24,0,0,0,0,0,0,50,1,32,1,18,0,10,0,4,0,6,0,0,0,0,0,0,0,0,0,0,0,0,0
moslems,2-3,27771,14060,13711,164,84,80,1,0,0,0,1,0,122,2,56,1,66,1,36,8,25,7,11,1,1,0,1,0,0,0,4,2,2,1,2,1
moslems,3-4,26797,13503,13294,197,114,83,4,0,4,0,0,0,153,5,93,4,60,1,33,9,13,5,20,4,3,1,2,0,1,1,4,2,2,1,2,1
moslems,4-5,24666,12489,12177,255,146,109,2,0,1,0,1,0,190,2,108,1,82,1,48,6,25,3,23,3,3,1,2,0,1,1,12,4,10,3,2,1
moslems,0-5,130708,66483,64225,708,401,307,7,0,5,0,2,0,534,12,302,8,232,4,139,29,74,20,65,9,7,2,5,0,2,2,21,9,15,6,6,3
moslems,5-10,100281,53510,46771,1236,769,467,20,2,14,2,6,0,962,8,598,5,364,3,172,19,99,15,73,4,37,6,26,5,11,1,45,20,32,18,13,2
moslems,10-15,57156,31814,25342,1084,700,384,23,2,12,0,11,2,859,12,545,7,314,5,137,17,91,9,46,8,33,6,29,4,4,2,32,17,23,12,9,5
moslems,15-20,41384,22829,18555,1132,734,398,42,4,25,4,17,0,860,9,572,7,288,2,168,24,98,15,70,9,35,2,20,2,15,0,27,11,19,6,8,5
moslems,20-25,56818,28262,28556,1855,1040,815,54,3,40,2,14,1,1390,7,766,4,624,3,318,27,175,18,143,9,58,3,37,2,21,1,35,7,22,3,13,4
moslems,25-30,61983,30534,31449,2352,1233,1119,69,0,48,0,21,0,1787,13,935,7,852,6,398,24,191,10,207,14,66,4,41,4,25,0,32,12,18,7,14,5
moslems,30-35,49928,23440,26488,2204,1052,1152,57,2,35,0,22,2,1627,11,769,6,858,5,428,22,186,16,242,6,76,7,52,6,24,1,16,6,10,3,6,3
moslems,35-40,43847,22194,21653,2235,1174,1061,41,1,24,1,17,0,1668,13,884,7,784,6,429,22,205,11,224,11,75,9,46,7,29,2,22,8,15,5,7,3
moslems,40-45,36172,16769,19403,2381,1058,1323,41,1,27,1,14,0,1664,6,739,0,925,6,571,34,235,17,336,17,90,3,49,2,41,1,15,1,8,1,7,0
moslems,45-50,26971,14181,12790,1885,1022,863,28,0,16,0,12,0,1321,3,755,1,566,2,456,14,198,9,258,5,65,3,43,3,22,0,15,5,10,4,5,1
moslems,50-55,25815,12156,13659,2094,985,1109,22,0,12,0,10,0,1345,7,695,2,650,5,623,15,223,7,400,8,84,2,44,1,40,1,20,4,11,2,9,2
moslems,55-60,12676,6756,5920,1191,652,539,13,0,5,0,8,0,747,5,444,1,303,4,366,14,169,7,197,7,54,2,24,1,30,1,11,5,10,4,1,1
moslems,60-65,18557,8427,10130,1875,877,998,12,0,6,0,6,0,987,6,500,3,487,3,761,11,313,7,448,4,105,3,53,3,52,0,10,3,5,2,5,1
moslems,65-70,8423,4383,4040,941,480,461,5,0,4,0,1,0,464,0,277,0,187,0,412,10,170,7,242,3,55,1,29,0,26,1,5,0,0,0,5,0
moslems,70+,22317,10367,11950,3562,1478,2084,19,1,6,0,13,1,1200,4,628,2,572,2,1978,17,684,7,1294,10,357,8,155,3,202,5,8,1,5,1,3,0
moslems,not_recorded,123,67,56,0,0,0,0,0,0,0,0,0,0,0,0,0,0,0,0,0,0,0,0,0,0,0,0,0,0,0,0,0,0,0,0,0
christians,total,91398,45896,45502,1940,927,1013,100,3,57,3,43,0,,,,,,,,,,,,,,,,,,,,,,,,
christians,0-1,2903,1515,1388,0,0,0,0,0,0,0,0,0,,,,,,,,,,,,,,,,,,,,,,,,
christians,1-2,2213,1157,1056,2,1,1,0,0,0,0,0,0,,,,,,,,,,,,,,,,,,,,,,,,
christians,2-3,2616,1384,1232,3,1,2,0,0,0,0,0,0,,,,,,,,,,,,,,,,,,,,,,,,
christians,3-4,2537,1309,1228,10,7,3,0,0,0,0,0,0,,,,,,,,,,,,,,,,,,,,,,,,
christians,4-5,2421,1242,1179,2,1,1,0,0,0,0,0,0,,,,,,,,,,,,,,,,,,,,,,,,
christians,0-5,12690,6607,6083,17,10,7,0,0,0,0,0,0,,,,,,,,,,,,,,,,,,,,,,,,
christians,5-10,11596,6029,5567,57,31,26,1,0,1,0,0,0,,,,,,,,,,,,,,,,,,,,,,,,
christians,10-15,7148,3783,3365,52,25,27,4,0,3,0,1,0,,,,,,,,,,,,,,,,,,,,,,,,
christians,15-20,7769,3891,3878,93,51,42,5,1,4,1,1,0,,,,,,,,,,,,,,,,,,,,,,,,
christians,20-25,10319,5915,4404,140,74,66,13,1,4,1,9,0,,,,,,,,,,,,,,,,,,,,,,,,
christians,25-30,8241,4299,3942,144,68,76,17,0,9,0,8,0,,,,,,,,,,,,,,,,,,,,,,,,
christians,30-35,6359,3177,3182,132,74,58,13,0,9,0,4,0,,,,,,,,,,,,,,,,,,,,,,,,
christians,35-40,5540,2611,2929,156,70,86,15,0,10,0,5,0,,,,,,,,,,,,,,,,,,,,,,,,
christians,40-45,4425,1960,2465,138,65,73,10,0,5,0,5,0,,,,,,,,,,,,,,,,,,,,,,,,
christians,45-50,3865,1706,2159,149,78,71,10,0,5,0,5,0,,,,,,,,,,,,,,,,,,,,,,,,
christians,50-55,3658,1662,1996,136,58,78,6,1,4,1,2,0,,,,,,,,,,,,,,,,,,,,,,,,
christians,55-60,2445,1137,1308,100,51,49,2,0,1,0,1,0,,,,,,,,,,,,,,,,,,,,,,,,
christians,60-65,2577,1119,1458,150,73,77,0,0,0,0,0,0,,,,,,,,,,,,,,,,,,,,,,,,
christians,65-70,1647,733,914,104,44,60,0,0,0,0,0,0,,,,,,,,,,,,,,,,,,,,,,,,
christians,70+,3100,1257,1843,372,155,217,4,0,2,0,2,0,,,,,,,,,,,,,,,,,,,,,,,,
christians,not_recorded,19,10,9,0,0,0,0,0,0,0,0,0,,,,,,,,,,,,,,,,,,,,,,,,
jews,total,174610,88100,86510,1156,597,559,249,1,118,0,131,1,,,,,,,,,,,,,,,,,,,,,,,,
jews,0-1,5149,2703,2446,1,1,0,0,0,0,0,0,0,,,,,,,,,,,,,,,,,,,,,,,,
jews,1-2,4309,2200,2109,0,0,0,0,0,0,0,0,0,,,,,,,,,,,,,,,,,,,,,,,,
jews,2-3,4799,2427,2372,0,0,0,0,0,0,0,0,0,,,,,,,,,,,,,,,,,,,,,,,,
jews,3-4,4582,2346,2236,4,2,2,0,0,0,0,0,0,,,,,,,,,,,,,,,,,,,,,,,,
jews,4-5,4668,2368,2300,2,2,0,0,0,0,0,0,0,,,,,,,,,,,,,,,,,,,,,,,,
jews,0-5,23507,12044,11463,7,5,2,0,0,0,0,0,0,,,,,,,,,,,,,,,,,,,,,,,,
jews,5-10,20095,10259,9836,20,12,8,1,0,1,0,0,0,,,,,,,,,,,,,,,,,,,,,,,,
jews,10-15,13252,6787,6465,31,19,12,9,0,7,0,2,0,,,,,,,,,,,,,,,,,,,,,,,,
jews,15-20,13489,6568,6921,41,25,16,9,0,6,0,3,0,,,,,,,,,,,,,,,,,,,,,,,,
jews,20-25,19771,9750,10021,91,59,32,35,0,17,0,18,0,,,,,,,,,,,,,,,,,,,,,,,,
jews,25-30,22047,11241,10806,128,67,61,59,0,29,0,30,0,,,,,,,,,,,,,,,,,,,,,,,,
jews,30-35,16200,8741,7459,127,70,57,44,0,25,0,19,0,,,,,,,,,,,,,,,,,,,,,,,,
jews,35-40,10331,5364,4967,80,45,35,16,0,8,0,8,0,,,,,,,,,,,,,,,,,,,,,,,,
jews,40-45,7969,3985,3984,91,55,36,17,0,12,0,5,0,,,,,,,,,,,,,,,,,,,,,,,,
jews,45-50,5816,2812,3004,58,24,34,13,1,4,0,9,1,,,,,,,,,,,,,,,,,,,,,,,,
jews,50-55,5823,2796,3027,76,31,45,9,0,0,0,9,0,,,,,,,,,,,,,,,,,,,,,,,,
jews,55-60,4385,2097,2288,70,38,32,10,0,2,0,8,0,,,,,,,,,,,,,,,,,,,,,,,,
jews,60-65,4623,2164,2459,91,41,50,8,0,1,0,7,0,,,,,,,,,,,,,,,,,,,,,,,,
jews,65-70,2826,1303,1523,55,23,32,7,0,1,0,6,0,,,,,,,,,,,,,,,,,,,,,,,,
jews,70+,4170,1981,2189,190,83,107,12,0,5,0,7,0,,,,,,,,,,,,,,,,,,,,,,,,
jews,not_recorded,306,208,98,0,0,0,0,0,0,0,0,0,,,,,,,,,,,,,,,,,,,,,,,,
others,total,10101,5090,5011,186,112,74,7,0,5,0,2,0,,,,,,,,,,,,,,,,,,,,,,,,
others,0-1,379,199,180,1,1,0,0,0,0,0,0,0,,,,,,,,,,,,,,,,,,,,,,,,
others,1-2,286,157,129,1,0,1,0,0,0,0,0,0,,,,,,,,,,,,,,,,,,,,,,,,
others,2-3,377,204,173,0,0,0,0,0,0,0,0,0,,,,,,,,,,,,,,,,,,,,,,,,
others,3-4,324,156,168,1,1,0,0,0,0,0,0,0,,,,,,,,,,,,,,,,,,,,,,,,
others,4-5,331,164,167,1,1,0,0,0,0,0,0,0,,,,,,,,,,,,,,,,,,,,,,,,
others,0-5,1697,880,817,4,3,1,0,0,0,0,0,0,,,,,,,,,,,,,,,,,,,,,,,,
others,5-10,1308,672,636,6,1,5,0,0,0,0,0,0,,,,,,,,,,,,,,,,,,,,,,,,
others,10-15,920,495,425,5,2,3,1,0,1,0,0,0,,,,,,,,,,,,,,,,,,,,,,,,
others,15-20,570,282,288,4,3,1,1,0,1,0,0,0,,,,,,,,,,,,,,,,,,,,,,,,
others,20-25,809,378,431,9,5,4,0,0,0,0,0,0,,,,,,,,,,,,,,,,,,,,,,,,
others,25-30,963,492,471,20,14,6,1,0,0,0,1,0,,,,,,,,,,,,,,,,,,,,,,,,
others,30-35,788,399,389,16,11,5,0,0,0,0,0,0,,,,,,,,,,,,,,,,,,,,,,,,
others,35-40,638,311,327,18,11,7,1,0,1,0,0,0,,,,,,,,,,,,,,,,,,,,,,,,
others,40-45,575,259,316,9,7,2,1,0,1,0,0,0,,,,,,,,,,,,,,,,,,,,,,,,
others,45-50,397,210,187,10,7,3,0,0,0,0,0,0,,,,,,,,,,,,,,,,,,,,,,,,
others,50-55,356,163,193,9,4,5,1,0,0,0,1,0,,,,,,,,,,,,,,,,,,,,,,,,
others,55-60,241,137,104,9,6,3,0,0,0,0,0,0,,,,,,,,,,,,,,,,,,,,,,,,
others,60-65,276,127,149,17,10,7,1,0,1,0,0,0,,,,,,,,,,,,,,,,,,,,,,,,
others,65-70,175,92,83,10,9,1,0,0,0,0,0,0,,,,,,,,,,,,,,,,,,,,,,,,
others,70+,387,192,195,40,19,21,0,0,0,0,0,0,,,,,,,,,,,,,,,,,,,,,,,,
others,not_recorded,1,1,0,0,0,0,0,0,0,0,0,0,,,,,,,,,,,,,,,,,,,,,,,,
