city	n_records	status	conf	cand_id	cand_name	cand_qid	cand_desc	in_region
Haifa	1999	name_ambiguous	0.5	791	Haifa (Israel)	Q41621	city in Israel	yes
Haifa	1999	name_ambiguous	0.5	15834	Haifa (Israel : District)			yes
Hadera	267	fuzzy	1.0	858	Hadera (Israel)	Q471886	city in Israel	yes
Hadera	267	fuzzy	1.0	27009	Kefar Hadar (Hod Hasharon, Israel)			yes
Hadera	267	fuzzy	1.0	13633	Ḥaydarah (Tunisia)	Q2358652		NO
Hadera	267	fuzzy	1.0	83919	Hydra (Greece)	Q3791883	NULL	NO
Hadera	267	fuzzy	1.0	13804	Ḥaḍr (Iraq)	Q466614		NO
Tiberias	142	fuzzy	1.0	807	Tiberias (Israel)	Q151920	city in northeast Israel	yes
Tiberias	142	fuzzy	1.0	7437	Tabrīz (Iran)	Q80053		NO
Tiberias	142	fuzzy	1.0	17277	Iberia (Kingdom)			NO
Tiberias	142	fuzzy	1.0	5277	Iberian Peninsula	Q12837		NO
Acre	90	name_ambiguous	0.5	6678	Akrai (Extinct city)			NO
Acre	90	name_ambiguous	0.5	9635	Acre (Brazil)	Q40780		NO
Hadar Hacarmel	88	fuzzy	0.667	21150	Hadar Hakarmel (Haifa, Israel)	Q2630079		yes
Kiryat Haim	82	fuzzy	0.62	476	Kiryat Ono (Israel)	Q152501	city in Israel	yes
Kiryat Haim	82	fuzzy	0.62	480	Kiryat Yam (Israel)	Q152387	city	yes
Zichron Yaakov	41	fuzzy	0.6	8254	Zikhron Ya'akov (Israel)	Q198399		yes
Kiryat Bialik	41	fuzzy	1.0	866	Kiryat Bialik (Israel)	Q152374	city	yes
Kiryat Bialik	41	fuzzy	1.0	82858	Kiryat Bialik Region (Israel)	NULL	NULL	?
Yajour	35	no_match	0.0					
Affikim	31	fuzzy	0.62	554	Afikim (Israel)	Q383280	human settlement	yes
Tel Aviv	30	name_exact	0.95	15820	Tel Aviv (Israel : District)			?
Benyamina	27	fuzzy	1.0	21551	Binyamina (Israel)	Q863886		yes
Tel Amal	27	no_match	0.0					
Pardess Hanna	25	no_match	0.0					
Kiryat Motzkin	25	fuzzy	1.0	481	Kiryat Motzkin (Israel)	Q152567	city in the Haifa District of Israel, 8 kilometres (5 miles)	yes
Kiryat Motzkin	25	fuzzy	1.0	77346	Kiryat Motzkin Region (Israel)	NULL	NULL	?
Nahalal	24	fuzzy	1.0	38	Nahalal (Israel)	Q1724338	human settlement	yes
Nahalal	24	fuzzy	1.0	72113	Nahali'el (West Bank)	Q2777433	NULL	yes
Nahalal	24	fuzzy	1.0	22919	Nahali'el (Hadera, Israel)	Q6634770		yes
Nahalal	24	fuzzy	1.0	23061	Nahala (Israel)			yes
Jerusalem	22	name_ambiguous	0.5	13560	Jerusalem (Sancak)	Q111169764		yes
Jerusalem	22	name_ambiguous	0.5	21725	Jerusalem (Israel : East)	Q212938		yes
Jerusalem	22	name_ambiguous	0.5	23674	Jerusalem (Latin Kingdom)			?
Kfar Vitkin	20	fuzzy	1.0	825	Kefar Vitkin (Israel)	Q2495402	מושב בישראל	yes
Kfar Vitkin	20	fuzzy	1.0	84431	Kfar Vitkin Region (Israel)	NULL	NULL	?
Tulkarem	16	fuzzy	1.0	73472	Tulkarem (West Bank)	Q985531	NULL	yes
Tulkarem	16	fuzzy	1.0	81810	Tulkarem (Sub-District) (West Bank)	Q5283479	NULL	yes
Zichron Jacob	15	fuzzy	0.62	8254	Zikhron Ya'akov (Israel)	Q198399		yes
Ardel Yahud	14	no_match	0.0					
Bethania	13	name_exact	0.95	6871	Beuthen (Germany)			?
Kfar Ata	11	fuzzy	1.0	477	Kiryat Ata (Israel)	Q152602	city	yes
Kfar Ata	11	fuzzy	1.0	78926	Kufairit (West Bank)	Q6441897	NULL	yes
Kfar Ata	11	fuzzy	1.0	81712	Kufeirit (West Bank)	Q28747853	NULL	yes
Nesher	10	fuzzy	1.0	20	Nesher (Israel)	Q135432	Town in Israel	yes
Nesher	10	fuzzy	1.0	87833	Esher (England)	Q637482	NULL	NO
Nesher	10	fuzzy	1.0	885	Gesher (Israel)	Q955960	Archaeological site in Israel	yes
Kibutz Affikim	10	fuzzy	0.6	554	Afikim (Israel)	Q383280	human settlement	yes
Ain Harod	8	fuzzy	1.0	65	En Harod Ihud (Israel)	Q2777524		yes
Ain Harod	8	fuzzy	1.0	66	En Harod Me'uhad (Israel)	Q2889233		yes
Ain Harod	8	fuzzy	1.0	12370	En Harod (Israel)	Q1339887		yes
Kfar Hassidim	8	fuzzy	1.0	830	Kefar Hasidim (Israel)	Q135425	moshav	yes
Kfar Hassidim	8	fuzzy	1.0	23042	Kefar Hasidim Bet (Israel)	Q135423		yes
Kfar Hassidim	8	fuzzy	1.0	24291	Kefar Hasidim Region (Israel)			?
Dejania	8	no_match	0.0					
Neveh Shaanan	7	fuzzy	1.0	22339	Neve Sha'anan (Tel Aviv-Yafo, Israel)	Q2907012		yes
Neveh Shaanan	7	fuzzy	1.0	21469	Neve Sha'anan (Jerusalem, Israel)			yes
Neveh Shaanan	7	fuzzy	1.0	21497	Neve Sha'anan (Haifa, Israel)	Q2919842		yes
Kineret	7	fuzzy	1.0	21918	Kinnerot Region (Israel)			?
Kineret	7	fuzzy	1.0	22403	Kunreuth (Germany)			NO
Kineret	7	fuzzy	1.0	2268	Kinneret, Lake (Israel)	Q126982		yes
Kineret	7	fuzzy	1.0	5152	Kinneret, Lake, Watershed (Israel)			?
Kineret	7	fuzzy	1.0	1669	Kinneret (Kevutsa) (Israel)	Q2296107		yes
Emek	6	no_match	0.0					
Netanya	6	fuzzy	1.0	24	Netanya (Israel)	Q192225	city in Israel	yes
Netanya	6	fuzzy	1.0	16157	Betanyah (Israel)			yes
Benjamina	6	no_match	0.0					
Kinereth	6	fuzzy	1.0	22403	Kunreuth (Germany)			NO
Kinereth	6	fuzzy	1.0	21918	Kinnerot Region (Israel)			?
Kinereth	6	fuzzy	1.0	5152	Kinneret, Lake, Watershed (Israel)			?
Kinereth	6	fuzzy	1.0	1669	Kinneret (Kevutsa) (Israel)	Q2296107		yes
Kinereth	6	fuzzy	1.0	1670	Kinneret (Moshava) (Israel)	Q2891213		yes
Haifa|Hadar Hacarmel	6	name_ambiguous	0.5	791	Haifa (Israel)	Q41621	city in Israel	yes
Haifa|Hadar Hacarmel	6	name_ambiguous	0.5	15834	Haifa (Israel : District)			yes
Kinneret	6	name_ambiguous	0.5	1669	Kinneret (Kevutsa) (Israel)	Q2296107		yes
Kinneret	6	name_ambiguous	0.5	1670	Kinneret (Moshava) (Israel)	Q2891213		yes
Kinneret	6	name_ambiguous	0.5	2268	Kinneret, Lake (Israel)	Q126982		yes
Kinneret	6	name_ambiguous	0.5	21917	Kinneret ( Moaza ezorit : Israel)			?
Kinneret	6	name_ambiguous	0.5	25484	Kinneret (Moshava) Region (Israel)			yes
Kfar Atta	6	fuzzy	0.667	78926	Kufairit (West Bank)	Q6441897	NULL	yes
Kfar Atta	6	fuzzy	0.667	81712	Kufeirit (West Bank)	Q28747853	NULL	yes
Kfar Atta	6	fuzzy	0.667	477	Kiryat Ata (Israel)	Q152602	city	yes
Waldheim	6	name_exact	0.95	19561	Waldheim (Saxony, Germany)	Q33513107		NO
Akka	5	name_ambiguous	0.5	71	Acre (Israel)	Q126084	city in Palestine	yes
Akka	5	name_ambiguous	0.5	23975	Akka (Morocco)	Q2626422		NO
Kibutz	5	no_match	0.0					
Nathania	5	fuzzy	1.0	24	Netanya (Israel)	Q192225	city in Israel	yes
Zikhron Yacov	5	fuzzy	1.0	8254	Zikhron Ya'akov (Israel)	Q198399		yes
Zikhron Yacov	5	fuzzy	1.0	71774	Zikhron Yosef (Jerusalem, Israel)	Q8071863	NULL	yes
Bassa	5	fuzzy	1.0	4981	Bassai (Extinct city)			NO
Bassa	5	fuzzy	1.0	72377	Bissau (Guinea-Bissau)	Q3739	NULL	NO
Bassa	5	fuzzy	1.0	86754	Bassar (Togo : Region)	Q810474	NULL	NO
Bassa	5	fuzzy	1.0	21539	Bassah (Israel)			?
Bassa	5	fuzzy	1.0	6149	Bassano del Grappa (Italy)	Q47094		NO
Had. Hac	4	no_match	0.0					
Migdal	4	name_ambiguous	0.5	6904	Migdal (Israel)	Q2916182		yes
Migdal	4	name_ambiguous	0.5	21101	Migdal (Ashkelon, Israel)			?
Mt. Carmel	4	no_match	0.0					
Wadi el Hawareth	4	no_match	0.0					
Sdedera	4	no_match	0.0					
Gedera	4	fuzzy	1.0	341	Gedera (Israel)	Q921505		yes
Gedera	4	fuzzy	1.0	9525	Germany (East)	Q16957		NO
Gedera	4	fuzzy	1.0	17591	Umm Qays (Jordan)	Q131955		yes
Gedera	4	fuzzy	1.0	72523	Gádor (Spain)	Q940842	NULL	NO
Gedera	4	fuzzy	1.0	858	Hadera (Israel)	Q471886	city in Israel	yes
Is	4	no_match	0.0					
Tabor Street	4	fuzzy	0.62	1117	Dover, Strait of	Q159898		NO
Kishon	4	fuzzy	1.0	14899	Kāshān (Iran)	Q209005		NO
Kishon	4	fuzzy	1.0	399	Chișinău (Moldova)	Q21197	capital of Moldova	NO
Kishon	4	fuzzy	1.0	23060	Kishor (Israel)	Q2890284		yes
Kishon	4	fuzzy	1.0	984	Dishon (Israel)	Q2888945	מושב בישראל	yes
Naharia	4	fuzzy	1.0	39	Nahariyya (Israel)	Q167749	northernmost coastal city in Israel	yes
Naharia	4	fuzzy	1.0	16865	Nahr (Iraq)			NO
Naharia	4	fuzzy	1.0	70548	Nahouri (Burkina Faso)	129133891	NULL	?
Naharia	4	fuzzy	1.0	37	Nehora (Israel)	Q280635	moshav	yes
Beit Galim	3	fuzzy	1.0	21063	Bat Galim (Haifa, Israel)	Q810685		yes
Mitzpa	3	no_match	0.0					
Had. Hac.|Hadar Hacarmel	3	fuzzy	0.667	21150	Hadar Hakarmel (Haifa, Israel)	Q2630079		yes
Beit Gan	3	fuzzy	0.62	9783	Bet Dagan (Israel)	Q2920214		yes
Kfar Hasidim	3	fuzzy	1.0	830	Kefar Hasidim (Israel)	Q135425	moshav	yes
Kfar Hasidim	3	fuzzy	1.0	23042	Kefar Hasidim Bet (Israel)	Q135423		yes
Kfar Hasidim	3	fuzzy	1.0	24291	Kefar Hasidim Region (Israel)			?
Jenin	3	fuzzy	1.0	79775	Jenin (West Bank)	Q374748	NULL	yes
Jenin	3	fuzzy	1.0	10532	Iōannina (Greece)	Q183199		NO
Jenin	3	fuzzy	1.0	10559	Jinan (Shandong Sheng, China)	Q170247		NO
Jenin	3	fuzzy	1.0	71563	Jin'an (Sichuan Sheng, China)	132902795	NULL	?
Jenin	3	fuzzy	1.0	7069	Junin (Peru : Dept.)			NO
Meshek Yagur	3	no_match	0.0					
Kirjat Hayim	3	fuzzy	0.62	479	Kiryat Hayyim (Haifa, Israel)	Q2655674		yes
[ambiguous_city]	3	no_match	0.0					
Kefutz Mizra	3	no_match	0.0					
Kiryat Kharoshet	3	fuzzy	0.688	21920	Kiryat Haroshet (Israel)	Q1743479		yes
Kibutz Affikim|Affikim	3	fuzzy	0.62	554	Afikim (Israel)	Q383280	human settlement	yes
Kfar Kharoshet	3	fuzzy	0.62	21749	Kefar Haroshet (Israel)			?
Kiryat Naim	3	no_match	0.0					
Sh.Khunat Oadim	2	no_match	0.0					
Ginjar	2	fuzzy	0.6	14337	Sinjār (Iraq)	Q955690		NO
Ginjar	2	fuzzy	0.6	929	Ginnegar (Israel)	Q2776845		yes
Kineret|Kinneret	2	name_ambiguous	0.5	1669	Kinneret (Kevutsa) (Israel)	Q2296107		yes
Kineret|Kinneret	2	name_ambiguous	0.5	1670	Kinneret (Moshava) (Israel)	Q2891213		yes
Kineret|Kinneret	2	name_ambiguous	0.5	2268	Kinneret, Lake (Israel)	Q126982		yes
Kineret|Kinneret	2	name_ambiguous	0.5	21917	Kinneret ( Moaza ezorit : Israel)			?
Kineret|Kinneret	2	name_ambiguous	0.5	25484	Kinneret (Moshava) Region (Israel)			yes
Carmel	2	name_exact	0.95	24545	Carmel (N.J.)			NO
Had. Stac	2	no_match	0.0					
Sdedead	2	no_match	0.0					
Ghedera	2	fuzzy	0.8	858	Hadera (Israel)	Q471886	city in Israel	yes
Ghedera	2	fuzzy	0.8	341	Gedera (Israel)	Q921505		yes
Yajouj	2	no_match	0.0					
Kfar Yehezkiel	2	fuzzy	1.0	832	Kefar Yehezkel (Israel)	Q2890846	קיבוץ בישראל	yes
Kfar Yehezkiel	2	fuzzy	1.0	78311	Kfar Yehezkel Region (Israel)	NULL	NULL	?
Kibbutz Hashomer	2	no_match	0.0					
Balfuria	2	fuzzy	1.0	20640	Balfuriyya (Israel)	Q2479614		yes
Ness Ziona	2	fuzzy	0.667	15	Nes Tsiyyona (Israel)	Q168162	city in Israel	yes
Degania B	2	fuzzy	0.714	892	Deganya Alef (Israel)	Q2371396	קיבוץ בצפון הארץ	yes
Degania B	2	fuzzy	0.714	893	Deganya Bet (Israel)	Q1022506	human settlement	yes
Rosh Pinna	2	fuzzy	0.889	14873	Rosh Pina (Israel)	Q525649		yes
Rosh Pinna	2	fuzzy	0.889	375	Rishpon (Israel)	Q2916585	מושב בישראל	yes
Rosh Pinna	2	fuzzy	0.889	4509	Arsuf (Extinct city) (Israel)			yes
Rosh Pinna	2	fuzzy	0.889	84577	Rosh Pinah (Namibia)	Q851674	NULL	NO
Neve Shaanan	2	name_ambiguous	0.5	21469	Neve Sha'anan (Jerusalem, Israel)			yes
Neve Shaanan	2	name_ambiguous	0.5	21497	Neve Sha'anan (Haifa, Israel)	Q2919842		yes
Neve Shaanan	2	name_ambiguous	0.5	22339	Neve Sha'anan (Tel Aviv-Yafo, Israel)	Q2907012		yes
Nachla	2	no_match	0.0					
Hacarmel	2	fuzzy	0.667	88400	Carmel (Ind.)	Q537853	NULL	NO
Hacarmel	2	fuzzy	0.667	74435	Carmel (Calif.)	Q625458	NULL	NO
Hacarmel	2	fuzzy	0.667	89219	Carmel (N.Y. : Town)	Q1013504	NULL	NO
Hacarmel	2	fuzzy	0.667	72971	Carmel (West Bank)	Q1434029	NULL	yes
Hacarmel	2	fuzzy	0.667	24545	Carmel (N.J.)			NO
Ardel Yahud|Ard al-Yahud	2	no_match	0.0					
Rehovot	2	name_ambiguous	0.5	562	Rehovot (Israel)	Q207350	city in the Center District of Israel	yes
Rehovot	2	name_ambiguous	0.5	3497	Rehovot-in-the-Negev Site (Israel)			?
Shafa Amr	2	fuzzy	0.62	261	Shefar'am (Israel)	Q990657	city in Israel	yes
Had Stae	2	no_match	0.0					
German Colony	2	name_ambiguous	0.5	629	Jaffa (Tel Aviv-Yafo, Israel)	Q180294		yes
German Colony	2	name_ambiguous	0.5	21139	German Colony (Haifa, Israel)			yes
German Colony	2	name_ambiguous	0.5	21140	German Colony (Jerusalem, Israel)	Q2916474		yes
Hadar HaCarmel (Haifa)	2	fuzzy	0.62	21150	Hadar Hakarmel (Haifa, Israel)	Q2630079		yes
Herzl Street	2	no_match	0.0					
Bethlehem	2	name_ambiguous	0.5	556	Bethlehem (West Bank)	Q5776		yes
Bethlehem	2	name_ambiguous	0.5	10969	Bethlehem (Pa.)	Q164380		NO
Bethlehem	2	name_ambiguous	0.5	15436	Bethlehem (Conn.)			NO
P. & P. Zichron Yacob	2	no_match	0.0					
Bat Shlomo	2	fuzzy	1.0	20962	Ṭalbiyeh (Jerusalem, Israel)	Q2914649		yes
Bat Shlomo	2	fuzzy	1.0	587	Bat Shelomo (Israel)	Q2889218	מושב בישראל	yes
Hadar Hacarmel / Haifa	2	fuzzy	0.62	21150	Hadar Hakarmel (Haifa, Israel)	Q2630079		yes
Yajour|Yajur	2	no_match	0.0					
Kiryat Gesher	2	no_match	0.0					
Kurdaneh	2	no_match	0.0					
Givat Haim	2	fuzzy	0.62	77975	Giv'at Hen (Israel)	Q2920459	NULL	yes
Zichron Jacob|Zichron Yaakov	2	fuzzy	0.62	8254	Zikhron Ya'akov (Israel)	Q198399		yes
Affikin	2	no_match	0.0					
Kibutz Affiking|Kibutz Affikim	2	fuzzy	0.6	554	Afikim (Israel)	Q383280	human settlement	yes
Tantoura	2	fuzzy	1.0	22251	Tantur (Jerusalem, Israel)	Q2393181		yes
Tantoura	2	fuzzy	1.0	21005	Tantura (Israel)	Q2100836		yes
Nur El Shams|Nur Shams	2	fuzzy	0.667	76253	Nur Shams Camp (West Bank)	Q7069998	NULL	yes
Ekron	2	name_ambiguous	0.5	5592	Ekron (Extinct city) (Israel)			?
Ekron	2	name_ambiguous	0.5	21515	Ekron (Israel)			yes
Shenglia	1	no_match	0.0					
Dejani	1	no_match	0.0					
Kiriat Kinzet	1	no_match	0.0					
Abu Shousheh	1	fuzzy	1.0	18940	Abu Shusha (Israel)	Q4670360		yes
Kufr Ata	1	fuzzy	1.0	78926	Kufairit (West Bank)	Q6441897	NULL	yes
Kufr Ata	1	fuzzy	1.0	81712	Kufeirit (West Bank)	Q28747853	NULL	yes
Kufr Ata	1	fuzzy	1.0	477	Kiryat Ata (Israel)	Q152602	city	yes
Hadar Hacarmel|Had. Hac	1	fuzzy	0.667	21150	Hadar Hakarmel (Haifa, Israel)	Q2630079		yes
Kfar Hasharon	1	fuzzy	0.625	78835	Kfar Yehoshua Region (Israel)	NULL	NULL	?
Kenereth	1	fuzzy	1.0	22403	Kunreuth (Germany)			NO
Kenereth	1	fuzzy	1.0	21918	Kinnerot Region (Israel)			?
Kenereth	1	fuzzy	1.0	2268	Kinneret, Lake (Israel)	Q126982		yes
Nahlat Yacob	1	no_match	0.0					
Naffuleh	1	fuzzy	0.667	18417	Afula (Israel)	Q152462		yes
Benjaminia	1	no_match	0.0					
Ramleh	1	fuzzy	0.75	456	Ramla (Israel)	Q221447	city in central Israel	yes
Smillel	1	fuzzy	0.667	13796	Melilla (Spain)	Q5831		NO
Smillel	1	fuzzy	0.667	13893	Les Milles (France)			NO
Menahemia Colony	1	no_match	0.0					
Sedjerah	1	no_match	0.0					
Hartel Yahud	1	no_match	0.0					
Majamil	1	no_match	0.0					
Yavniel Colony	1	no_match	0.0					
Bersan|Dept. of Police, Bersan	1	fuzzy	1.0	19332	Berezyne (Odesʹka oblastʹ, Ukraine)			?
Bersan|Dept. of Police, Bersan	1	fuzzy	1.0	21644	Borzna (Ukraine)	Q148912		NO
Bersan|Dept. of Police, Bersan	1	fuzzy	1.0	73447	Bruson (Switzerland)	NULL	NULL	?
Bersan|Dept. of Police, Bersan	1	fuzzy	1.0	18919	Bershadʹ (Ukraine)	Q827229		NO
Vilhelma	1	fuzzy	0.714	26771	Wilhelma (Israel)	Q2906526		yes
Yavneel Colony	1	no_match	0.0					
W. el Nisnass	1	no_match	0.0					
Kafr Hittim	1	fuzzy	1.0	21908	Kefar Hittim (Israel)	Q2916642		yes
Haifa|Hedera	1	name_ambiguous	0.5	791	Haifa (Israel)	Q41621	city in Israel	yes
Haifa|Hedera	1	name_ambiguous	0.5	15834	Haifa (Israel : District)			yes
Haifa|Hedera	1	name_ambiguous	0.5	858	Hadera (Israel)	Q471886	city in Israel	yes
Tiberias|Tiberia	1	fuzzy	1.0	807	Tiberias (Israel)	Q151920	city in northeast Israel	yes
Tiberias|Tiberia	1	fuzzy	1.0	7437	Tabrīz (Iran)	Q80053		NO
Tiberias|Tiberia	1	fuzzy	1.0	5765	Tabor, Mount (Israel)	Q193785		yes
Tiberias|Tiberia	1	fuzzy	1.0	27205	Tabor, Mount Region (Israel)			?
Tiberias|Tiberia	1	fuzzy	1.0	74649	Tubarão (Santa Catarina, Brazil)	Q1815730	NULL	NO
Zicron	1	fuzzy	0.62	8254	Zikhron Ya'akov (Israel)	Q198399		yes
Jarit Nahalal	1	no_match	0.0					
002.2	1	no_match	0.0					
Bet Alfa	1	fuzzy	1.0	563	Bet Alfa (Israel)	Q2900562		yes
Bet Alfa	1	fuzzy	1.0	25401	Bet Alfa Region (Israel)			?
Zeeb	1	no_match	0.0					
Bath Galim|Bath Galim K. H. Bldg	1	fuzzy	0.62	21063	Bat Galim (Haifa, Israel)	Q810685		yes
Kinnereth	1	fuzzy	0.857	25484	Kinneret (Moshava) Region (Israel)			yes
Kinnereth	1	fuzzy	0.857	1669	Kinneret (Kevutsa) (Israel)	Q2296107		yes
Kinnereth	1	fuzzy	0.857	1670	Kinneret (Moshava) (Israel)	Q2891213		yes
Kinnereth	1	fuzzy	0.857	2268	Kinneret, Lake (Israel)	Q126982		yes
Kinnereth	1	fuzzy	0.857	5152	Kinneret, Lake, Watershed (Israel)			?
Haifa|Nesher	1	name_ambiguous	0.5	791	Haifa (Israel)	Q41621	city in Israel	yes
Haifa|Nesher	1	name_ambiguous	0.5	15834	Haifa (Israel : District)			yes
Ein Shemer	1	fuzzy	1.0	69	En Shemer (Israel)	Q166865	human settlement	yes
Ein Shemer	1	fuzzy	1.0	3518	Inishmurray (Ireland)	Q1663541		NO
Kfar Jeladim	1	fuzzy	0.62	21910	Kefar Yeladim (Israel)			yes
Kfar Yeshua	1	no_match	0.0					
Salem	1	name_ambiguous	0.5	7213	Salem (Winston-Salem, N.C.)			?
Salem	1	name_ambiguous	0.5	7835	Salem (Mass.)	Q54140		NO
Salem	1	name_ambiguous	0.5	14059	Salem (N.J.)	Q1088317		NO
Salem	1	name_ambiguous	0.5	17308	Salem (N.H.)	Q1013102		NO
Kefa Tabor	1	no_match	0.0					
Kfar Brandice	1	fuzzy	0.714	21588	Kefar Brandeis (Israel)	Q2903275		yes
Kfar Brandice	1	fuzzy	0.714	581	Bar'am (Israel)	Q1011502	human settlement	yes
Beth Shearim	1	fuzzy	0.636	613	Bet She'an (Israel)	Q152368	עיר בישראל	yes
Beth Shearim	1	fuzzy	0.636	616	Bet She'arim (Israel)	Q1269256	moshav	yes
Mes-hah	1	no_match	0.0					
Bar Galim	1	fuzzy	0.6	23038	Kefar Gallim (Israel)	Q2919235		yes
Staerneck	1	no_match	0.0					
Haifa|Hadar Hacarmel Haifa	1	name_ambiguous	0.5	791	Haifa (Israel)	Q41621	city in Israel	yes
Haifa|Hadar Hacarmel Haifa	1	name_ambiguous	0.5	15834	Haifa (Israel : District)			yes
Kfar Jeshuah	1	no_match	0.0					
Abu Khalil	1	no_match	0.0					
Haifa|Churches Ort	1	name_ambiguous	0.5	791	Haifa (Israel)	Q41621	city in Israel	yes
Haifa|Churches Ort	1	name_ambiguous	0.5	15834	Haifa (Israel : District)			yes
Hallissa	1	fuzzy	0.667	15946	Houilles (France)	Q273930		NO
Hallissa	1	fuzzy	0.667	8822	Greece	Q41		NO
Hallissa	1	fuzzy	0.667	19039	Holešov (Czech Republic)	Q961325		NO
Hallissa	1	fuzzy	0.667	89590	Challis (Idaho)	Q1516949	NULL	NO
Brene Shaanan	1	no_match	0.0					
Alliance Scool	1	no_match	0.0					
Dar Awwaj	1	no_match	0.0					
Rehovoth	1	fuzzy	0.833	562	Rehovot (Israel)	Q207350	city in the Center District of Israel	yes
Rehovoth	1	fuzzy	0.833	3497	Rehovot-in-the-Negev Site (Israel)			?
Dantel Yahud	1	no_match	0.0					
Buriq	1	fuzzy	1.0	76717	Burqa, Nablus (West Bank)	Q5000295	NULL	yes
Buriq	1	fuzzy	1.0	80063	Burqa, Ramallah, Region (West Bank)	NULL	NULL	?
Buriq	1	fuzzy	1.0	77534	Bāriq (Saudi Arabia : Province)	4151431588056301904	NULL	?
Buriq	1	fuzzy	1.0	89058	Burqa, Nablus, Region (West Bank)	NULL	NULL	?
Buriq	1	fuzzy	1.0	79597	Burqa, Ramallah (West Bank)	Q15206022	NULL	yes
Haifa|Had. Stac	1	name_ambiguous	0.5	791	Haifa (Israel)	Q41621	city in Israel	yes
Haifa|Had. Stac	1	name_ambiguous	0.5	15834	Haifa (Israel : District)			yes
Heazelia	1	no_match	0.0					
Emek R	1	no_match	0.0					
Tel-Yusef	1	fuzzy	1.0	186	Tel-Yosef (Israel)	Q2917286		yes
Shunat Zarefin	1	no_match	0.0					
Hallisa Qrt	1	no_match	0.0					
Kfar Secta	1	no_match	0.0					
Kfar Nacharish / Nazareth	1	no_match	0.0					
Mizpa	1	name_ambiguous	0.5	21700	Mitspa (Israel)	Q2776808		yes
Mizpa	1	name_ambiguous	0.5	21902	Mizpa (Israel : Galil)	Q2776808		yes
Beit Alpha	1	fuzzy	0.62	563	Bet Alfa (Israel)	Q2900562		yes
Shatel Yahud	1	no_match	0.0					
Hallesa	1	fuzzy	1.0	15946	Houilles (France)	Q273930		NO
Hallesa	1	fuzzy	1.0	8822	Greece	Q41		NO
Hallesa	1	fuzzy	1.0	21610	Haluza (Israel)	Q16132828		yes
Hallesa	1	fuzzy	1.0	15505	Chailles (Loir-et-Cher, France)	Q582924		NO
Hallesa	1	fuzzy	1.0	89590	Challis (Idaho)	Q1516949	NULL	NO
Kiryat Ata	1	fuzzy	1.0	477	Kiryat Ata (Israel)	Q152602	city	yes
Kiryat Ata	1	fuzzy	1.0	27198	Kiryat Ata Region (Israel)			?
Kiryat Ata	1	fuzzy	1.0	71518	Kiryat Dado (Petah Tikvah, Israel)	NULL	NULL	?
Shezlia	1	no_match	0.0					
Nve Shaanan (Haifa)	1	no_match	0.0					
Nahliel Yahud	1	no_match	0.0					
Carmel Ahuza	1	no_match	0.0					
Nahla	1	fuzzy	0.6	18490	Nahlaot (Jerusalem, Israel)	Q2776725		yes
Beit Anya	1	fuzzy	1.0	6925	Bethany (Israel)	Q831190		yes
Beit Anya	1	fuzzy	1.0	16157	Betanyah (Israel)			yes
Beit Anya	1	fuzzy	1.0	88377	Baitin (West Bank)	Q2898916	NULL	yes
Beit Anya	1	fuzzy	1.0	8510	Bath (England)	Q22889		NO
Beit Anya	1	fuzzy	1.0	85584	Botany (N.S.W.)	Q2976045	NULL	NO
Kvutzat Kinereth	1	fuzzy	0.75	1669	Kinneret (Kevutsa) (Israel)	Q2296107		yes
Kfar Nachanesh	1	no_match	0.0					
Sakhnin	1	fuzzy	1.0	95	Sakhnin (Israel)	Q168330	city	yes
Emek Zevouloun	1	fuzzy	1.0	86676	Emek Zevulun (Israel)	Q2909693	NULL	yes
Hadeira (Hadera)	1	no_match	0.0					
Churipat Hayim	1	no_match	0.0					
Haifa|Ardel Jahud, Haifa	1	name_ambiguous	0.5	791	Haifa (Israel)	Q41621	city in Israel	yes
Haifa|Ardel Jahud, Haifa	1	name_ambiguous	0.5	15834	Haifa (Israel : District)			yes
Emek R.|Emek	1	no_match	0.0					
Kfar Horesh	1	fuzzy	0.833	21749	Kefar Haroshet (Israel)			?
Kfar Horesh	1	fuzzy	0.833	22055	Horesha, Mount (Israel)	Q26763792		yes
Kfar Horesh	1	fuzzy	0.833	820	Kefar Hahoresh (Israel)	Q2777455		yes
Tiberias / Kinneret	1	no_match	0.0					
Kiryat Eliyahu	1	no_match	0.0					
Haifa / Mount Carmel	1	no_match	0.0					
Carmel Station	1	no_match	0.0					
Hadar Hacarmel (Haifa)	1	fuzzy	0.62	21150	Hadar Hakarmel (Haifa, Israel)	Q2630079		yes
Kafr Branch	1	fuzzy	0.62	581	Bar'am (Israel)	Q1011502	human settlement	yes
Wadi Nisnas	1	fuzzy	1.0	85346	Wadi Nisnas (Haifa, Israel)	NULL	NULL	?
Tiberias|P. & P. Tiberias	1	fuzzy	1.0	807	Tiberias (Israel)	Q151920	city in northeast Israel	yes
Tiberias|P. & P. Tiberias	1	fuzzy	1.0	7437	Tabrīz (Iran)	Q80053		NO
Tiberias|P. & P. Tiberias	1	fuzzy	1.0	17277	Iberia (Kingdom)			NO
Tiberias|P. & P. Tiberias	1	fuzzy	1.0	5277	Iberian Peninsula	Q12837		NO
Neve Sha'anan	1	name_ambiguous	0.5	21469	Neve Sha'anan (Jerusalem, Israel)			yes
Neve Sha'anan	1	name_ambiguous	0.5	21497	Neve Sha'anan (Haifa, Israel)	Q2919842		yes
Neve Sha'anan	1	name_ambiguous	0.5	22339	Neve Sha'anan (Tel Aviv-Yafo, Israel)	Q2907012		yes
Halisa	1	fuzzy	1.0	485	Kiryat Shemona (Israel)	Q327413	city in Israel	yes
Halisa	1	fuzzy	1.0	1794	Baikal, Lake (Russia)	Q5513		NO
Halisa	1	fuzzy	1.0	23392	Hüls (Germany)			NO
Halisa	1	fuzzy	1.0	3427	Huaylas, Callejón de (Peru)	Q1027232		NO
Halisa	1	fuzzy	1.0	21610	Haluza (Israel)	Q16132828		yes
Khamra	1	fuzzy	0.75	75424	Hamra (West Bank)	Q2916663	NULL	yes
Khamra	1	fuzzy	0.75	4107	Hamran, Mount (Israel)	Q26763744		yes
Khamra	1	fuzzy	0.75	21220	Ḥamrāʼ (Beirut, Lebanon)			?
Kufr 'Ata	1	fuzzy	1.0	78926	Kufairit (West Bank)	Q6441897	NULL	yes
Kufr 'Ata	1	fuzzy	1.0	81712	Kufeirit (West Bank)	Q28747853	NULL	yes
Kufr 'Ata	1	fuzzy	1.0	477	Kiryat Ata (Israel)	Q152602	city	yes
Adel Yahud	1	no_match	0.0					
Balad al-Sheikh	1	fuzzy	1.0	21670	Balad al-Shaykh (Israel)			?
Balad al-Sheikh	1	fuzzy	1.0	26853	Balad al-Shaykh Region (Israel)			?
Hart el Yahud	1	no_match	0.0					
Ata village	1	no_match	0.0					
Beit Alfa / Beisan	1	no_match	0.0					
Ein Haron	1	fuzzy	0.75	12370	En Harod (Israel)	Q1339887		yes
Beit Olim	1	no_match	0.0					
Bithania|Bethania	1	name_exact	0.95	6871	Beuthen (Germany)			?
Wadi Kavara	1	no_match	0.0					
Zichron Yaacob	1	fuzzy	0.846	8254	Zikhron Ya'akov (Israel)	Q198399		yes
Kfar Baroukh	1	fuzzy	1.0	815	Kefar Barukh (Israel)	Q2777518	מושב בישראל	yes
Tel Yousef	1	fuzzy	1.0	186	Tel-Yosef (Israel)	Q2917286		yes
Kufretta	1	fuzzy	0.667	78926	Kufairit (West Bank)	Q6441897	NULL	yes
Kufretta	1	fuzzy	0.667	81712	Kufeirit (West Bank)	Q28747853	NULL	yes
Kufretta	1	fuzzy	0.667	477	Kiryat Ata (Israel)	Q152602	city	yes
Kfar Kasidim	1	no_match	0.0					
Hadera|Hadera P. & P	1	fuzzy	1.0	858	Hadera (Israel)	Q471886	city in Israel	yes
Hadera|Hadera P. & P	1	fuzzy	1.0	27009	Kefar Hadar (Hod Hasharon, Israel)			yes
Hadera|Hadera P. & P	1	fuzzy	1.0	13633	Ḥaydarah (Tunisia)	Q2358652		NO
Hadera|Hadera P. & P	1	fuzzy	1.0	83919	Hydra (Greece)	Q3791883	NULL	NO
Hadera|Hadera P. & P	1	fuzzy	1.0	13804	Ḥaḍr (Iraq)	Q466614		NO
Kharwa	1	no_match	0.0					
Ben Yehuda	1	fuzzy	1.0	13937	Bonyhád (Hungary)	Q834567		NO
Ben Yehuda	1	fuzzy	1.0	14001	Hat Yai (Thailand)	Q651286		NO
Ben Yehuda	1	fuzzy	1.0	732	Even Yehuda (Israel)	Q2915760		yes
Ben Yehuda	1	fuzzy	1.0	87984	Reḥov Ben Yehuda (Jerusalem, Israel)	Q2916849	NULL	yes
Ben Yehuda	1	fuzzy	1.0	18957	En Yaʻaḳov (Even-Yehudah, Israel)	Q2777566		yes
Ben Yehuda Street	1	fuzzy	0.733	72096	Yehuda Street (Jerusalem, Israel)	NULL	NULL	?
Drachla Tabor St	1	no_match	0.0					
Bat Shlomo near Zammaren|Bat Shlomo	1	fuzzy	1.0	20962	Ṭalbiyeh (Jerusalem, Israel)	Q2914649		yes
Bat Shlomo near Zammaren|Bat Shlomo	1	fuzzy	1.0	587	Bat Shelomo (Israel)	Q2889218	מושב בישראל	yes
Galil	1	name_ambiguous	0.5	1475	Galilee (Israel)	Q83241		yes
Galil	1	name_ambiguous	0.5	22094	Horvat Galil (Israel)	Q15225359		yes
Tirch	1	fuzzy	1.0	22136	Tarki (Russia)	Q1385112		NO
Tirch	1	fuzzy	1.0	9685	Tiruchchirāppalli (India)			NO
Tirch	1	fuzzy	1.0	6904	Migdal (Israel)	Q2916182		yes
Rumat Neshanan	1	no_match	0.0					
Tell Addashume	1	no_match	0.0					
Mizra	1	fuzzy	1.0	224	Mizra (Israel)	Q2889536		yes
Mizra	1	fuzzy	1.0	21881	Mazor (Israel)	Q2614185		yes
Mizra	1	fuzzy	1.0	21645	Mazury (Poland)			NO
Mizra	1	fuzzy	1.0	3607	Mazar, Tall al- (Jordan)	Q27122496		yes
Mizra	1	fuzzy	1.0	16166	Mazyr (Homelʹskai︠a︡ voblastsʹ, Belarus)	Q386487		NO
Kinneret (Kibbutz)	1	no_match	0.0					
Beit Jann	1	fuzzy	0.667	21856	Bait Jan Region (Israel)	Q814900		yes
Beit Jann	1	fuzzy	0.667	90226	Bait Jan (Israel)	Q814900	NULL	yes
Gisr El Majami	1	no_match	0.0					
Yavne'el / Tiberias	1	no_match	0.0					
Beit Jan	1	fuzzy	1.0	90226	Bait Jan (Israel)	Q814900	NULL	yes
Aten Village	1	no_match	0.0					
Haifa|Bassa	1	name_ambiguous	0.5	791	Haifa (Israel)	Q41621	city in Israel	yes
Haifa|Bassa	1	name_ambiguous	0.5	15834	Haifa (Israel : District)			yes
Zichron Yacov	1	fuzzy	1.0	8254	Zikhron Ya'akov (Israel)	Q198399		yes
Kafr Yasin	1	fuzzy	0.778	88951	Kafr Yasif (Israel)	Q2632879	NULL	yes
Kafr Yasin	1	fuzzy	0.778	21807	Sumei (Israel)			?
Tel Joseph	1	fuzzy	0.62	186	Tel-Yosef (Israel)	Q2917286		yes
Tel Chai	1	fuzzy	1.0	782	Tulcea (Romania)	Q16898605	locality in Tulcea County, Romania	NO
Netanya|Nathania	1	fuzzy	1.0	24	Netanya (Israel)	Q192225	city in Israel	yes
Netanya|Nathania	1	fuzzy	1.0	16157	Betanyah (Israel)			yes
Givat Adam	1	fuzzy	0.875	18292	Giv'at Ada (Israel)	Q7189221		yes
Givat Adam	1	fuzzy	0.875	23198	Giv'ot Eden (Israel)			yes
Kibbutz Hamarking	1	no_match	0.0					
Kafaratta	1	fuzzy	0.667	78926	Kufairit (West Bank)	Q6441897	NULL	yes
Kafaratta	1	fuzzy	0.667	81712	Kufeirit (West Bank)	Q28747853	NULL	yes
Kafaratta	1	fuzzy	0.667	477	Kiryat Ata (Israel)	Q152602	city	yes
Kfar Yideyah	1	no_match	0.0					
Kiriat Haroshet	1	fuzzy	1.0	21920	Kiryat Haroshet (Israel)	Q1743479		yes
Kfar Yadidia	1	fuzzy	1.0	831	Kefar Yedidya (Israel)	Q2920134	מושב בישראל	yes
Mt. Tabor	1	no_match	0.0					
Zekra Yacov	1	no_match	0.0					
Daganya	1	fuzzy	1.0	15003	Digne (France)			NO
Daganya	1	fuzzy	1.0	15142	Digoin (France)	Q475418		NO
Daganya	1	fuzzy	1.0	892	Deganya Alef (Israel)	Q2371396	קיבוץ בצפון הארץ	yes
Zichron Yaakov|Bat shlomo - Zichron Jacob	1	fuzzy	0.6	8254	Zikhron Ya'akov (Israel)	Q198399		yes
Zichron Yakov|Zichron Yaakov	1	fuzzy	0.62	8254	Zikhron Ya'akov (Israel)	Q198399		yes
Meshek Yagour	1	no_match	0.0					
Bet Alpha Huleh S/D.|Bet Alpha	1	fuzzy	0.62	563	Bet Alfa (Israel)	Q2900562		yes
Kibbutz Affikim	1	fuzzy	0.786	554	Afikim (Israel)	Q383280	human settlement	yes
Haifa|Mt. Carmel	1	name_ambiguous	0.5	791	Haifa (Israel)	Q41621	city in Israel	yes
Haifa|Mt. Carmel	1	name_ambiguous	0.5	15834	Haifa (Israel : District)			yes
Kibutz Affiking	1	no_match	0.0					
Kfar Joshua	1	no_match	0.0					
Haifa|Dar el Kadkany	1	name_ambiguous	0.5	791	Haifa (Israel)	Q41621	city in Israel	yes
Haifa|Dar el Kadkany	1	name_ambiguous	0.5	15834	Haifa (Israel : District)			yes
Kiryat Haim|Kiryat-Haim Tribune Amal	1	fuzzy	0.62	476	Kiryat Ono (Israel)	Q152501	city in Israel	yes
Kiryat Haim|Kiryat-Haim Tribune Amal	1	fuzzy	0.62	480	Kiryat Yam (Israel)	Q152387	city	yes
Kiryat-Haim Tribune Amal	1	no_match	0.0					
Sajour	1	fuzzy	1.0	75033	Sajur (Israel)	Q732433	NULL	yes
Sajour	1	fuzzy	1.0	733	Ilaniyya (Israel)	Q2916589	מושב בישראל	yes
Bassa No 1|Bassa	1	fuzzy	1.0	4981	Bassai (Extinct city)			NO
Bassa No 1|Bassa	1	fuzzy	1.0	72377	Bissau (Guinea-Bissau)	Q3739	NULL	NO
Bassa No 1|Bassa	1	fuzzy	1.0	86754	Bassar (Togo : Region)	Q810474	NULL	NO
Bassa No 1|Bassa	1	fuzzy	1.0	21539	Bassah (Israel)			?
Bassa No 1|Bassa	1	fuzzy	1.0	6149	Bassano del Grappa (Italy)	Q47094		NO
Geda	1	no_match	0.0					
Benyamina. & Beit-Sacaross	1	no_match	0.0					
Shavei Zion	1	fuzzy	1.0	21799	Shave Tsiyyon (Israel)	Q571191		yes
Ashadot Yakov	1	fuzzy	1.0	21733	Ashdot Ya'akov, Me'uhad (Israel)	Q2888752		yes
Ashadot Yakov	1	fuzzy	1.0	69927	Ashdot Ya'akov (Ihud) Region (Israel)	NULL	NULL	?
Ashadot Yakov	1	fuzzy	1.0	76088	Ashdot Ya'akov (Ihud) (Israel)	Q1853103	NULL	yes
Ashadot Yakov	1	fuzzy	1.0	83561	Ashdot Ya'akov (Me'uhad) Region (Israel)	NULL	NULL	?
Ashadot Yakov	1	fuzzy	1.0	26521	Ashdot Yaakov (Israel)	Q2891543		yes
Kfar Yehoshoua	1	fuzzy	1.0	19294	Kefar Yehoshu'a (Israel)	Q2889616		yes
Kfar Yehoshoua	1	fuzzy	1.0	6098	Kefar Hess (Israel)	Q2920307		yes
Ahava	1	fuzzy	0.75	74524	Ahavah (Tverya, Israel)	NULL	NULL	?
Kiryat Kamal	1	no_match	0.0					
Beit-Zerah	1	no_match	0.0					
Emek Hayarden	1	fuzzy	0.643	1660	Jordan Valley (Israel)	Q2463859		yes
Emek Hayarden	1	fuzzy	0.643	87167	'Emek ha-Yarden (Israel : Mo'atsah azorit)	Q1967925	NULL	yes
Nur Shams	1	fuzzy	0.667	76253	Nur Shams Camp (West Bank)	Q7069998	NULL	yes
Hadar Hacarmel Haifa	1	fuzzy	0.62	21150	Hadar Hakarmel (Haifa, Israel)	Q2630079		yes
Na'an	1	fuzzy	1.0	16	Na'an (Israel)	Q1026840	human settlement	yes
Kfar Khassidim	1	fuzzy	0.62	830	Kefar Hasidim (Israel)	Q135425	moshav	yes
Haifa / Tel Amal	1	no_match	0.0					
Roy	1	fuzzy	1.0	87492	Roy (N.M.)	Q2086695	NULL	NO
Roy	1	fuzzy	1.0	81495	Roy (Utah)	Q130167	NULL	NO
Defna	1	fuzzy	1.0	974	Dafna (Israel)	Q545232	human settlement	yes
Affula (Afula)	1	no_match	0.0					
Benjamina|Benyamina	1	fuzzy	1.0	21551	Binyamina (Israel)	Q863886		yes
Haifa|Bourj Billet	1	name_ambiguous	0.5	791	Haifa (Israel)	Q41621	city in Israel	yes
Haifa|Bourj Billet	1	name_ambiguous	0.5	15834	Haifa (Israel : District)			yes
Bet Gan	1	no_match	0.0					
Haifa s/d	1	no_match	0.0					
Joknan	1	no_match	0.0					
Acre S/D	1	no_match	0.0					
Hanita	1	fuzzy	1.0	799	Hanita (Israel)	Q2890402		yes
Hanita	1	fuzzy	1.0	14529	Hainaut (County)			?
Hanita	1	fuzzy	1.0	9799	Huanta (Peru : Province)	Q930214		NO
Hanita	1	fuzzy	1.0	19932	Hainaut (France)			NO
Hanita	1	fuzzy	1.0	9590	Hainaut (Belgium)			NO
Ras El Ein	1	fuzzy	1.0	73305	Roslyn (N.Y.)	Q2039075	NULL	NO
Ras El Ein	1	fuzzy	1.0	26622	Ras al Ain (Israel)			yes
Ras El Ein	1	fuzzy	1.0	73680	Râs el Ma (Algeria)	Q22928906	NULL	NO
Nur El Shams	1	no_match	0.0					
Kibutz Dalia	1	no_match	0.0					
Kefar Bireim	1	fuzzy	1.0	581	Bar'am (Israel)	Q1011502	human settlement	yes
Kefar Bireim	1	fuzzy	1.0	21588	Kefar Brandeis (Israel)	Q2903275		yes
Haifa (Nesher)	1	no_match	0.0					
Tiberias (Kibbutz Afikim?)	1	no_match	0.0					
Bassa N.1 N.F.D	1	no_match	0.0					
Bet Olim	1	no_match	0.0					
Benjamin	1	no_match	0.0					
Shavei Tzion / Nahariya	1	no_match	0.0					
Beit tatikva	1	no_match	0.0					
Kfar Hasidim / Kfar Hanoar	1	fuzzy	0.62	23042	Kefar Hasidim Bet (Israel)	Q135423		yes
Kfar Hasidim / Kfar Hanoar	1	fuzzy	0.62	830	Kefar Hasidim (Israel)	Q135425	moshav	yes
Kiryat Haim / Kibbutz Amal	1	no_match	0.0					
Zikron Yaacov	1	fuzzy	0.643	8254	Zikhron Ya'akov (Israel)	Q198399		yes
Tira	1	name_ambiguous	0.5	756	Tirat Karmel (Israel)	Q168215	city in Haifa District, Israel	yes
Tira	1	name_ambiguous	0.5	925	Gazit (Israel)	Q2890799	קיבוץ בישראל	yes
Tira	1	name_ambiguous	0.5	23423	Tirat Yehuda (Israel)	Q2614842		yes
Bassa I.|Bassa	1	fuzzy	1.0	4981	Bassai (Extinct city)			NO
Bassa I.|Bassa	1	fuzzy	1.0	72377	Bissau (Guinea-Bissau)	Q3739	NULL	NO
Bassa I.|Bassa	1	fuzzy	1.0	86754	Bassar (Togo : Region)	Q810474	NULL	NO
Bassa I.|Bassa	1	fuzzy	1.0	21539	Bassah (Israel)			?
Bassa I.|Bassa	1	fuzzy	1.0	6149	Bassano del Grappa (Italy)	Q47094		NO
Natamia	1	fuzzy	1.0	57	Neta'im (Israel)	Q2890382	מושב בישראל	yes
Natamia	1	fuzzy	1.0	9338	Noto (Italy)	Q487174		NO
Natamia	1	fuzzy	1.0	8964	Damietta (Egypt)	Q189383		NO
Beni Brak	1	fuzzy	1.0	594	Bene Brak (Israel)	Q152467	city in Israel	yes
Beni Brak	1	fuzzy	1.0	12767	Binbrook (England)	Q4913953		NO
Beni Brak	1	fuzzy	1.0	79711	Pine Brook (Morris County, N.J.)	Q7195076	NULL	NO
Shar Amakim	1	no_match	0.0					
Ayesdin	1	fuzzy	1.0	17672	Eijsden (Netherlands)	Q1007134		NO
Kibbutz Dalia	1	fuzzy	1.0	886	Daliyya (Israel)	Q1000997	human settlement	yes
Bathelim K.butz|Bathelim	1	fuzzy	1.0	556	Bethlehem (West Bank)	Q5776		yes
Tiberias S/D	1	fuzzy	0.6	807	Tiberias (Israel)	Q151920	city in northeast Israel	yes
Hadar [Haifa]	1	no_match	0.0					
Haifa [Hadar HaCarmel]	1	no_match	0.0					
Blys	1	fuzzy	1.0	1800	Bālis (Extinct city)	Q3634572		NO
Blys	1	fuzzy	1.0	9511	Blois (France)	Q160927		NO
Blys	1	fuzzy	1.0	75140	Bali Sea (Indonesia)	Q277014	NULL	NO
Blys	1	fuzzy	1.0	16864	Bitlis (Turkey)	Q83531		NO
Nabi Sha'man Hagelil	1	no_match	0.0					
Ramat Gan	1	fuzzy	1.0	777	Ramat Gan (Israel)	Q192807	city in the Tel Aviv District of Israel	yes
Ramat Gan	1	fuzzy	1.0	27025	HaPark HaLe'umi (Ramat Gan, Israel)	Q3738170		yes
Ramat Gan	1	fuzzy	1.0	21964	Ramat Gan Region (Israel)			?
Kiryat Eliahu	1	no_match	0.0					
Zikhron Yacob	1	fuzzy	0.667	8254	Zikhron Ya'akov (Israel)	Q198399		yes
Zikhron Yacob	1	fuzzy	0.667	71774	Zikhron Yosef (Jerusalem, Israel)	Q8071863	NULL	yes
Natsera (Nazareth)	1	no_match	0.0					
Natseria	1	fuzzy	1.0	17	Netser Sereni (Israel)	Q1011505	human settlement	yes
Natseria	1	fuzzy	1.0	18	Nazareth (Israel)	Q430776	city in the North District of Israel	yes
St. Hashomer	1	no_match	0.0					
Coastal Watch Bath-Jalim	1	no_match	0.0					
Port Mason	1	no_match	0.0					
Kuryat el Yahu	1	no_match	0.0					
Haddar Carmel	1	no_match	0.0					
Natania	1	fuzzy	1.0	24	Netanya (Israel)	Q192225	city in Israel	yes
Natania	1	fuzzy	1.0	69762	Catania (Italy : Province)	Q16154	NULL	NO
Natania	1	fuzzy	1.0	7532	Catania (Italy)	Q1903		NO
Kiryat Amal	1	no_match	0.0					
Maagan	1	fuzzy	1.0	189	Ma'agan (Israel)	Q2916656		yes
Maagan	1	fuzzy	1.0	23944	M'Goun, Ighil (Morocco)	Q3050555		NO
Maagan	1	fuzzy	1.0	144	Magen (Israel)	Q2889599		yes
Maagan	1	fuzzy	1.0	79712	Magione (Perugia, Italy)	Q20462	NULL	NO
P.T	1	fuzzy	0.62	426	Petah Tikva (Israel)	Q190828	city in Israel	yes
Haifa S/P	1	no_match	0.0					
Ben Yehuda St	1	no_match	0.0					
Ramatby	1	no_match	0.0					
Banks St	1	no_match	0.0					
Haim	1	no_match	0.0					
Kiryat Yam	1	fuzzy	1.0	480	Kiryat Yam (Israel)	Q152387	city	yes
Kiryat Yam	1	fuzzy	1.0	7211	Khartoum (Sudan)	Q1963		NO
Kiryat Yam	1	fuzzy	1.0	74910	Kiryat Yam Region (Israel)	NULL	NULL	?
Kiryat Yam	1	fuzzy	1.0	586	Bat Yam (Israel)	Q208725	city	yes
Kiryat Yam	1	fuzzy	1.0	476	Kiryat Ono (Israel)	Q152501	city in Israel	yes
Nebertz	1	no_match	0.0					
Mashmar Hyam	1	fuzzy	0.833	214	Mishmar Ha'emek (Israel)	Q1938721		yes
Mashmar Hyam	1	fuzzy	0.833	22621	Mishmar Ha'emek Region (Israel)			?
Halershert	1	no_match	0.0					
Turaan	1	fuzzy	1.0	12295	Tirana (Albania)	Q19689		NO
Turaan	1	fuzzy	1.0	17160	Muş İli (Turkey)			?
Turaan	1	fuzzy	1.0	21000	Torōnē (Greece)			NO
Turaan	1	fuzzy	1.0	23562	Trana (Italy)			NO
Turaan	1	fuzzy	1.0	779	Turin (Italy)	Q495	city in Italy	NO
Doris St	1	no_match	0.0					
Fot Luq	1	no_match	0.0					
Irbed	1	fuzzy	1.0	5842	Arbela Site (Galilee, Israel)			?
Irbed	1	fuzzy	1.0	13138	Irbid (Jordan)	Q194165		yes
Irbed	1	fuzzy	1.0	78353	Irbid (Jordan : Province)	146620654	NULL	?
Bat Yalem	1	no_match	0.0					
Alya Street	1	no_match	0.0					
Kafata	1	fuzzy	1.0	13312	Qifṭ (Egypt)	Q935454		NO
Kafata	1	fuzzy	1.0	72698	Bafatá (Guinea-Bissau : Region)	Q799791	NULL	NO
