id	date	pub	title	gap	nearest	rivals	chars	band	new	forms
dav19300306-01.2.40	1930-03-06	dav	Untitled	284	jaffa	english,rothschild	4824	far	new	spelled
dav19310121-01.2.5	1931-01-21	dav	םערה נורמת נוסי&#8237;::&#8236; בחיפה.ובתל־אביב	156	haifa		2479	far	new	spelled
dhy19310301-01.2.41	1931-03-01	dhy	מאסר קומוניסט;	103	haifa		1024	near	seen	abbreviated
dhy19310308-01.2.33	1931-03-08	dhy	חיפה	496	haifa	hadassah	3754	far	new	abbreviated
dav19310423-01.2.34	1931-04-23	dav	ירושלים	866	jaffa		4063	far	seen	abbrev_short
dav19311008-01.2.37	1931-10-08	dav	חי_©ח	23	haifa		1207	near	seen	spelled
haretz19311206-01.2.19	1931-12-06	haretz	>שמוצים;.לשם בזבוז	3150	jerusalem	english	7627	far	new	indefinite
dhy19320612-01.2.31	1932-06-12	dhy	Untitled	323	jaffa		2333	far	new	abbreviated
dhy19320623-01.2.33	1932-06-23	dhy	_בחרוזות חיריח	514	haifa		1830	far	new	spelled
dav19320714-01.2.22	1932-07-14	dav	בעוד טוען	20	tiberias		2343	near	seen	spelled
dav19330118-01.2.43	1933-01-18	dav	מחלקת הבריאות מם3רת	18	haifa	hadassah	9059	near	seen	abbreviated
kolisraeljlm19330504-01.2.17	1933-05-04	kolisraeljlm	בארץ	557	acre		3877	far	new	spelled
haretz19330703-01.2.12	1933-07-03	haretz	מצסצויאוח בא׳, בשנת !185	20	haifa	hadassah	5609	near	seen	spelled
haretz19330802-01.2.52	1933-08-02	haretz	בחיפה	1164	acre		1342	far	new	spelled
haretz19331010-01.2.37	1933-10-10	haretz	כחיפה	108	haifa		4416	near	seen	abbreviated
dav19331020-01.2.33	1933-10-20	dav	בי ערבי האח	280	safed		1468	far	seen	spelled
haretz19331030-01.2.7	1933-10-30	haretz	יום אתמול בירושלים	653	jerusalem		3775	far	new	spelled
haretz19331101-01.2.12	1933-11-01	haretz	צנזורה על כל דבר שבדפוס	1774	jerusalem		3705	far	new	spelled
haretz19331122-01.2.49	1933-11-22	haretz	שאלה אל הצמר	172	jaffa	hadassah	4377	far	seen	spelled
haretz19331129-01.2.36	1933-11-29	haretz	חשונה אל הצבור	231	jaffa		6598	far	new	abbreviated
haretz19331217-01.2.23	1933-12-17	haretz	הכדיב לשעבר יבקר בעבר הירדן	761	haifa		2003	far	new	spelled
haretz19340125-01.2.53.1	1934-01-25	haretz	Page 4 Advertisements Column 1	58	haifa		1760	near	seen	abbreviated
dav19340321-01.2.52	1934-03-21	dav	&#8237;\?*8_? 1 ( &#8236;	185	haifa		3208	far	new	abbreviated
itonmeyuhad19340412-01.2.5	1934-04-12	itonmeyuhad	רופא עולה מגרמניה, גואל	724	haifa		1164	far	new	abbreviated
dav19340509-01.2.24	1934-05-09	dav	&#8237;_^_9&#8236; _אמק	154	jaffa	rothschild	4514	far	seen	spelled
dav19340711-01.2.25	1934-07-11	dav	מצב הבריאות בארץ	264	jaffa		5935	far	new	indefinite
dav19340903-01.2.32	1934-09-03	dav	על ה_3ר&#8237;-2&#8236;בני1 בית חולים לקופת חולים ביהודה	21	jaffa		3645	near	seen	spelled
haretz19341003-01.2.32	1934-10-03	haretz	"מצב הבריאות בא""י בשנת &#8237;1933 &#8236;"	271	safed	hadassah	4520	far	new	indefinite
dav19350421-01.2.52.1	1935-04-21	dav	Page 6 Advertisements Column 1	335	jaffa		5464	far	seen	spelled
dav19350812-01.2.43	1935-08-12	dav	חיפה	725	haifa		3910	far	new	spelled
dav19350818-01.2.70	1935-08-18	dav	תל אביב	2424	jerusalem		5866	far	new	maqaf
dhy19350912-01.2.71	1935-09-12	dhy	חיפה	11	haifa		199	near	seen	indefinite
haretz19351002-01.2.100.1	1935-10-02	haretz	Page 8 Advertisements Column 1	189	haifa		1820	far	new	indefinite
hbkr19351021-01.2.85	1935-10-21	hbkr	בפליליפ	164	haifa		1390	far	new	abbreviated
yarden19351028-01.2.41	1935-10-28	yarden	תל-אביב	327	ramleh		6011	far	new	indefinite
hbkr19351105-01.2.51	1935-11-05	hbkr	תל־אביב	20	haifa	hadassah	5551	near	seen	maqaf
hbkr19351119-01.2.79	1935-11-19	hbkr	חיפה	155	haifa		1355	far	new	spelled
dav19351216-01.2.47	1935-12-16	dav	ת _ל־אביב	2159	jaffa	hadassah,rothschild	6691	far	new	spelled
dav19351226-01.2.73	1935-12-26	dav	נציגות פוליסית-כלכ_^ת ליהווי 3ולל?	621	haifa		1461	far	new	indefinite
dav19360217-01.2.9	1936-02-17	dav	רגוז בקרבת חיפה עולה מגרמניה ובנה הותקפו ונפגעו קשה האשה מתה&#8237;-.&	6	haifa		1013	near	seen	spelled
dav19360520-01.2.44	1936-05-20	dav	בחי פה	859	haifa		1186	far	new	spelled
haretz19360608-01.2.83	1936-06-08	haretz	חקירת הנאשמים ברצח דוק.פלדבת בחיפה *	75	haifa		7697	near	seen	abbreviated
dhy19360614-01.2.47	1936-06-14	dhy	Untitled	308	nablus	hadassah	3403	far	new	spelled
ytlv19360615-01.2.22	1936-06-15	ytlv	ת&#8237;-5&#8236;אם&#8237;0ו1&#8236;גוחתיה	27	jaffa		8099	near	new	abbreviated,maqaf,spelled
dav19360616-01.2.41	1936-06-16	dav	"אגדת ""הנישול"" לאור העובדות"	20	haifa		3090	near	seen	maqaf
dav19360820-01.2.25.1	1936-08-20	dav	Page 3 Advertisements Column 1	245	jerusalem		606	far	new	spelled
haolam19360820-01.2.5	1936-08-20	haolam	,באידיסזראל	1140	jaffa		21499	far	new	maqaf
dav19360821-01.2.111.1	1936-08-21	dav	Page 18 Advertisements Column 1	419	jerusalem	rothschild	830	far	new	spelled
dav19360821-01.2.54.1	1936-08-21	dav	Page 7 Advertisements Column 1	274	jerusalem		3140	far	new	spelled
dav19360821-01.2.56	1936-08-21	dav	ל_₪ר רגח האחיות	1235	jaffa		1899	far	new	spelled
dav19360823-01.2.72	1936-08-23	dav	בחיפה	1917	jaffa		2477	far	seen	spelled
dav19360905-01.2.30	1936-09-05	dav	ידיעות שונות	856	telaviv		4191	far	seen	maqaf
haretz19360916-01.2.40	1936-09-16	haretz	הלסטים הראשונים שגדתו למות	1506	nablus		3634	far	seen	abbreviated
dav19360923-01.2.10	1936-09-23	dav	לאנס_5זרפזרל מארי 1	106	safed		736	near	seen	abbreviated
haretz19360923-01.2.18	1936-09-23	haretz	"מאשש ברצח יהי־ סולר לני־""־ לsשעיפ חמורים"	20	haifa		930	near	seen	spelled
dav19360925-01.2.33	1936-09-25	dav	"""וכול"" ישראל את חלליו,קדושי תרצ""ו בארק-ישראל"	730	jaffa	hadassah	22551	far	new	spelled
haretz19361016-01.2.59.3	1936-10-16	haretz	Page 8 Advertisements Column 3	20	haifa	rothschild	2152	near	seen	spelled
haretz19361023-01.2.53	1936-10-23	haretz	בתי־פה	80	haifa		4264	near	seen	spelled
haretz19370214-01.2.17	1937-02-14	haretz	רצח ושוד בכל הארץ	118	haifa		2337	near	seen	maqaf
dav19370307-01.2.11	1937-03-07	dav	התפוצצות בבית מ&#8237;_8?&#8236;כה לפצצות	339	haifa		475	far	seen	spelled
dav19370330-01.2.3	1937-03-30	dav	פצצות בשכם וסביבתה	456	nablus		1122	far	new	spelled
haretz19370408-01.2.84	1937-04-08	haretz	בירושלים	279	jerusalem		658	far	new	spelled
dav19370412-01.2.55.4	1937-04-12	dav	Page 5 Advertisements Column 4	127	jerusalem	rothschild	2769	near	seen	spelled
haretz19370425-01.2.52	1937-04-25	haretz	בחיפה	15	haifa		5312	near	seen	abbreviated
haolam19370617-01.2.10	1937-06-17	haolam	.באדךיסזדאל	20	haifa		13265	near	seen	maqaf
dav19370618-01.2.93	1937-06-18	dav	התחלת עבודה	33	haifa		179	near	seen	maqaf
dav19370621-01.2.36	1937-06-21	dav	חי פ ה - ע י ר ה מ ם ר ?	512	acre		9698	far	seen	spelled
dav19370625-01.2.25	1937-06-25	dav	ן התווה הממשלה הבריטית בקני ?חבה'ל ע7 המאורעות39 הערבים תרח נענו מיד _	6448	jaffa		17285	far	new	spelled
haolam19370715-01.2.12	1937-07-15	haolam	המצב הכלכלי וענייני העבודה	187	telaviv		8132	far	new	maqaf
dav19370729-01.2.76	1937-07-29	dav	מוחים	24	haifa	english	622	near	seen	maqaf
dav19370905-01.2.129	1937-09-05	dav	מתור העתונות הערבית הורעה חושה על פוס 500 לא''י נרפא	20	haifa		3191	near	seen	spelled
dav19370905-01.2.71	1937-09-05	dav	"ה ה סתדרותבשנת תר צ"" ז"	120	jaffa		33629	near	seen	spelled
dav19370910-01.2.77	1937-09-10	dav	"ההסתדרות בשנת תרצ""ז"	248	jerusalem		28709	far	new	spelled
dav19370930-01.2.91	1937-09-30	dav	ח י פ ה	645	haifa		1563	far	new	spelled
dav19371003-01.2.42	1937-10-03	dav	על דוכי הביקורת מבפנים	171	acre		4260	far	new	spelled
haolam19371111-01.2.6	1937-11-11	haolam	באדךיסזדאל	21	haifa	english,hadassah	34574	near	seen	maqaf
dav19371117-01.2.67.2	1937-11-17	dav	Page 5 Advertisements Column 2	15	haifa		158	near	seen	abbreviated
dav19371130-01.2.8	1937-11-30	dav	שוב נפצעו 3 יהודים בווו ענתפת	226	safed	hadassah	1687	far	seen	spelled
haretz19380120-01.2.72.1	1938-01-20	haretz	Page 10 Advertisements Column 1	29	haifa		1223	near	seen	spelled
dav19380203-01.2.55	1938-02-03	dav	"נו,עשה ,סולל בונה"""	306	haifa		4171	far	seen	spelled
dav19380203-01.2.57	1938-02-03	dav	וברי סיכום &#8237;7 0&#8236; ב.ופטור	20	haifa		8043	near	seen	spelled
dav19380209-01.2.82	1938-02-09	dav	למשפט .רוצח אמו בגית'הדז לערעורים	20	haifa		775	near	seen	spelled
haolam19380210-01.2.8	1938-02-10	haolam	"באר""ך־יטזראל"	152	jaffa		15924	far	seen	spelled
dav19380220-01.2.71	1938-02-20	dav	ענודות ממשלתיות חושות	309	jerusalem		779	far	new	indefinite
dav19380221-01.2.46	1938-02-21	dav	באיגוד המקצועי	128	haifa	hadassah	2960	near	seen	spelled
hbkr19380225-01.2.40	1938-02-25	hbkr	ה. מ. נפרד מחיפה	126	haifa	english	1989	near	seen	spelled
hbkr19380315-01.2.22	1938-03-15	hbkr	תקציב העיויה בחיפה(&#8237;39&#8236;־$&#8237;193&#8236;)	1709	haifa		2561	far	new	spelled
dav19380329-01.2.2	1938-03-29	dav	שוב הציף גל טרור את הארץ	136	safed	hadassah	4907	near	seen	spelled
dav19380329-01.2.71	1938-03-29	dav	לאחר הזוועה בלול עכו - צפת הנעלמים עוד לא נמגאו&#8237;-.&#8236; גויות 	554	safed	hadassah	1425	far	seen	spelled
dav19380413-01.2.45	1938-04-13	dav	חינה בשנת 1937	102	haifa		2908	near	seen	spelled
haretz19380508-01.2.25	1938-05-08	haretz	המסחר והתעשיה בחיפה בשי 1937	175	haifa		3404	far	new	spelled
hbkr19380511-01.2.71	1938-05-11	hbkr	&#8237;$*#2* &#8236;	328	haifa		822	far	new	abbreviated
hzh19380511-01.2.43	1938-05-11	hzh	ח1 ־ פ ה	327	haifa		3546	far	new	spelled
dav19380627-01.2.7	1938-06-27	dav	הטרור 20 שעות	20	haifa		1704	near	seen	spelled
haretz19380627-01.2.1	1938-06-27	haretz	רצחו ערבי חולה בחיפה	137	nablus		541	near	seen	maqaf
dav19380704-01.2.13	1938-07-04	dav	פצצת אל מכונית הדר הכרט?	20	haifa		264	near	seen	spelled
haretz19380803-01.2.4	1938-08-03	haretz	פצצה למכובית־משא יהודית בחיפה	136	haifa		1740	near	seen	spelled
hzh19380808-01.2.45	1938-08-08	hzh	צ 13 ת	36	safed	hadassah	1905	near	seen	spelled
dav19380814-01.2.100	1938-08-14	dav	מידיעות המשטרה	641	jaffa		1587	far	new	spelled
dav19380814-01.2.102	1938-08-14	dav	הודעות רשמיות	666	jaffa		1152	far	new	spelled
kolisraeljlm19380818-01.2.15	1938-08-18	kolisraeljlm	לא נכון!	396	jaffa		5568	far	new	abbreviated
hzh19380819-01.2.5	1938-08-19	hzh	"_מוומר&#8237;^""&#8236;לדי &#8237;7t? _^t\\&#8236; י _ןיי _ל_911_יל _ףן"	1266	jaffa		1870	far	new	spelled
dav19380908-01.2.10	1938-09-08	dav	ארונו של מ._אלייניקוב בחיפה	457	jerusalem		2039	far	new	spelled
ytlv19380915-01.2.4	1938-09-15	ytlv	UNKNOWN	276	tiberias		5474	far	new	spelled
dav19380925-01.2.85	1938-09-25	dav	"ה ה קתדרות בשנת תר&ג&#8237;_-_""&#8236;ח"	31	haifa		41929	near	seen	spelled
dav19381007-01.2.39	1938-10-07	dav	Untitled	711	tiberias		3316	far	new	spelled
haretz19381009-01.2.57	1938-10-09	haretz	בחיפה	166	telaviv	hadassah	4449	far	new	spelled
dav19381101-01.2.100	1938-11-01	dav	דיני מות	588	nablus		1580	far	new	spelled
hbkr19381104-01.2.55	1938-11-04	hbkr	עובי משא פצצה	20	haifa		363	near	seen	maqaf
haretz19381108-01.2.1	1938-11-08	haretz	הודעות רשמיות על המתרחש בארץ	1055	gaza		1574	far	new	spelled
hashaah19381112-01.2.26	1938-11-12	hashaah	לשיפור מצב העבודה בחיפה	220	nablus		4948	far	new	spelled
dav19381116-01.2.35.2	1938-11-16	dav	Page 3 Advertisements Column 2	20	haifa		545	near	seen	spelled
haretz19381116-01.2.38.1	1938-11-16	haretz	Page 6 Advertisements Column 1	45	haifa		979	near	seen	spelled
hbkr19381118-01.2.28	1938-11-18	hbkr	בית החולים הממשלתי בחיפה ן י	20	haifa		1918	near	seen	spelled
dav19381208-01.2.32	1938-12-08	dav	&#8237;^^^&#8236; .מן*	19	haifa		9195	near	seen	spelled
dav19381208-01.2.33	1938-12-08	dav	Untitled	666	acre		4794	far	seen	spelled
dav19381220-01.2.77	1938-12-20	dav	חיפה	36	haifa	english	6449	near	seen	spelled
dav19381222-01.2.83	1938-12-22	dav	הנציב העליון בחיפה	25	haifa		109	near	seen	spelled
haretz19381222-01.2.61	1938-12-22	haretz	ה.מ.הנציבר,עליוןן	161	telaviv		3084	far	new	spelled
dav19381223-01.2.66	1938-12-23	dav	נפתח נית־החולים הממשלתי החוש בחיפה	13	haifa		2861	near	seen	spelled
haretz19381223-01.2.19	1938-12-23	haretz	UNKNOWN	60	jaffa		3314	near	seen	spelled
haretz19381223-01.2.5	1938-12-23	haretz	חנוכת בית־החולים הממשלתי בחיפה	17	haifa		2224	near	seen	maqaf
hbkr19381223-01.2.57	1938-12-23	hbkr	! טכס הנוכת בית החולים הממשלתי בחיפה ו	20	haifa		3504	near	seen	spelled
dav19381226-01.2.11	1938-12-26	dav	שוב ופצועים בחיפה	93	jaffa	hadassah	1113	near	seen	spelled
dav19381227-01.2.16	1938-12-27	dav	מחאת הועד הלאומ	124	haifa		1387	near	seen	spelled
hbkr19381227-01.2.17	1938-12-27	hbkr	הועד הלאומי מזוזה	40	haifa		365	near	seen	abbreviated
hzh19381227-01.2.17	1938-12-27	hzh	מדוע לא תורגמו הנאומים בחיפה לעברית &#8237;.? &#8236;	22	haifa		411	near	seen	spelled
hzh19390102-01.2.51	1939-01-02	hzh	Untitled	686	jerusalem		1576	far	new	spelled
haretz19390115-01.2.32	1939-01-15	haretz	לתקנת שרות הגריאות שלקהילת חיפה!	282	jaffa	hadassah	6324	far	new	spelled
ytlv19390115-01.2.10	1939-01-15	ytlv	במשק המדינה הארצישראלית	13	haifa		10198	near	seen	spelled
hzh19390219-01.2.24	1939-02-19	hzh	Untitled	3080	jerusalem		8233	far	new	spelled
hmf19390227-01.2.2	1939-02-27	hmf	_למזרח י . ראובן _^פלן ופנחסביר_^ . ח	738	haifa		1527	far	new	spelled
hzh19390313-01.2.2	1939-03-13	hzh	&#8237;,,..,, ^™.^™_.^^^^^ &#8236;	96	haifa	hadassah	540	near	seen	spelled
haolam19390316-01.2.9	1939-03-16	haolam	"באד""ךיעזדאל"	278	safed		15907	far	new	abbreviated
hmf19390423-01.2.36	1939-04-23	hmf	Untitled	61	haifa		174	near	seen	maqaf
hbkr19390511-01.2.98	1939-05-11	hbkr	"נתאשו פסזדד של מעפילי ""אדםמיזזד"	118	acre		699	near	seen	abbreviated
dav19390620-01.2.4	1939-06-20	dav	למאורעות הדמים בחיפה	21	haifa		3114	near	seen	spelled
dav19390620-01.2.44	1939-06-20	dav	נפגעו עשרות ערבים עוצר בחיפה ובהןר־דגרםל	18	haifa		1196	near	seen	spelled
haretz19390620-01.2.48	1939-06-20	haretz	יום דמים בחיפה ו	799	telaviv		1504	far	new	spelled
hbkr19390620-01.2.18	1939-06-20	hbkr	בוטל העוצר בחיפה והחיים שבו למסלולם	293	haifa		2615	far	new	spelled
hzh19390620-01.2.12	1939-06-20	hzh	Untitled	112	haifa	hadassah	1700	near	seen	spelled
dav19390711-01.2.85	1939-07-11	dav	חיפה	20	haifa		4105	near	seen	spelled
hbkr19390713-01.2.71	1939-07-13	hbkr	נידו! לתליה	81	safed		651	near	seen	abbreviated
hbkr19390814-01.2.45	1939-08-14	hbkr	הנסיעות להתגוננות אויוית בחיפה	379	jaffa		910	far	new	spelled
hbkr19390823-01.2.49	1939-08-23	hbkr	&#8237;^£00 &#8236;	667	gaza		2363	far	new	abbreviated
dav19390901-01.2.31	1939-09-01	dav	חיפה	20	haifa		2663	near	seen	spelled
hzh19390901-01.2.37	1939-09-01	hzh	Untitled	20	haifa		888	near	seen	spelled
hbkr19390925-01.2.32	1939-09-25	hbkr	רצחה תינו&#8237;!7&#8236; ונידונה בידי שמיס	192	haifa		465	far	new	maqaf
hbkr19391012-01.2.51.1	1939-10-12	hbkr	Page 5 Advertisements Column 1	457	haifa		4170	far	new	maqaf
hbkr19391018-01.2.56.1	1939-10-18	hbkr	Page 5 Advertisements Column 1	293	telaviv		4432	far	new	spelled
hbkr19391025-01.2.78.2	1939-10-25	hbkr	Page 5 Advertisements Column 2	337	telaviv		2253	far	new	spelled
hzh19391123-01.2.46	1939-11-23	hzh	Untitled	11	haifa		2687	near	seen	spelled
hbkr19400101-01.2.81	1940-01-01	hbkr	דרה מחלקת הבריאות הממשלתית־ ל$&#8237;193 &#8236;	17	haifa	hadassah	1907	near	seen	spelled
haretz19400102-01.2.84	1940-01-02	haretz	הכלל והפרט	18	haifa		2007	near	seen	spelled
hbkr19400110-01.2.22	1940-01-10	hbkr	"הדו""ח של מחלקת הבריאות"	20	haifa		2726	near	seen	spelled
hadashott19400115-01.2.26	1940-01-15	hadashott	סכנת הסגירה מאיימת על בית הזזוליט לחולי הרוה בבני־בוק	101	jaffa		3125	near	seen	indefinite
hmf19400115-01.2.41	1940-01-15	hmf	ו בעירית תל־אביב	8	haifa	hadassah	2695	near	seen	indefinite
hzh19400124-01.2.28	1940-01-24	hzh	"מפעולות העזרה שללינת מדק"" בחיפה """	44	haifa	hadassah	3039	near	seen	spelled
hbkr19400807-01.2.14	1940-08-07	hbkr	נהרג אחו ונפצעו שבעה	99	haifa	hadassah	880	near	seen	spelled
hbkr19400820-01.2.36	1940-08-20	hbkr	מבוקד עד בוקר בעדים ובמושבות	20	haifa	hadassah	10231	near	seen	maqaf
hbkr19400922-01.2.39	1940-09-22	hbkr	ההתקפה האדרת על חיפה	507	haifa		1686	far	new	spelled
hashaah19400923-01.2.15	1940-09-23	hashaah	איך הופצצה חיפה	164	haifa		873	far	new	spelled
hbkr19401127-01.2.21	1940-11-27	hbkr	הקומות הובאו לקנו ישוא?	729	haifa	hadassah	2060	far	new	abbreviated
hmf19401205-01.2.9	1940-12-05	hmf	אתמול נמשו עוד &#8237;. 4&#8236; מלובנות &#8237;»?&#8236;_פטויה»	165	haifa		552	far	new	spelled
hashaharerev19401227-01.2.11	1940-12-27	hashaharerev	"רופאים ניסו להפריד את ""תאומי סיאס"""	20	haifa		928	near	seen	maqaf
hbkr19401229-01.2.54	1940-12-29	hbkr	תאומי־סיאם מחיפה מתו	13	haifa		644	near	seen	spelled
hbkr19410325-01.2.30	1941-03-25	hbkr	ן מבוקר עד בוקר בערים ובמושבות	12	haifa	hadassah,rothschild	5539	near	seen	abbreviated
hbkr19410509-01.2.52	1941-05-09	hbkr	מת באוטו משבץ הלב	773	telaviv	hadassah	2182	far	new	spelled
hzh19410608-01.2.28	1941-06-08	hzh	"לפתיחת עונת הרחצה בברת""־גלים"	160	haifa		2349	far	new	spelled
hbkr19410805-01.2.21	1941-08-05	hbkr	מבוקר עד בוקר בערים ובמושבות	385	haifa		6982	far	new	abbreviated
hbkr19410825-01.2.28	1941-08-25	hbkr	! מבוקר עד בוקר בערים ובמושבות	25	haifa	hadassah	9672	near	seen	abbreviated
hbkr19410829-01.2.47	1941-08-29	hbkr	הערב - עתון העתובאים י	15	haifa		2000	near	seen	abbreviated
hbkr19410903-01.2.31	1941-09-03	hbkr	מבוקר עד &#8237;?0&#8236;ד בערים ובמושבות י — ?ווו	85	haifa	hadassah	7300	near	seen	abbreviated
hbkr19410911-01.2.23	1941-09-11	hbkr	מבוקר עד בוקר בערים ובמושבות	592	jerusalem	hadassah	8895	far	new	abbreviated
dav19410915-01.2.50	1941-09-15	dav	במועצת עירית _תל־אבינ	258	jaffa		2662	far	new	spelled
hbkr19410926-01.2.58	1941-09-26	hbkr	היום אחדרצ המית הקצין וויקם	80	haifa		580	near	seen	spelled
hmf19411007-01.2.51	1941-10-07	hmf	בחך פויךלנוו	21	haifa		466	near	seen	spelled
hbkr19411103-01.2.31	1941-11-03	hbkr	מבוקר *&#8237;11&#8236; בוקר בערים ו0גועו3ות !	1077	acre		9678	far	new	spelled
dav19420118-01.2.54	1942-01-18	dav	מושל מה יו שליט־ לחופש	721	jaffa		2227	far	new	maqaf
hmf19420127-01.2.39	1942-01-27	hmf	"670 אלף לא""י הכנסות&#8237;700,&#8236; אלף לא""י הוצאות -המת""התסציב"	24	telaviv	hadassah	6741	near	seen	indefinite,spelled
hzh19420216-01.2.34	1942-02-16	hzh	י י %_י &#8237;.;&#8236;ת ?פ.ה	509	haifa		3050	far	new	spelled
hmf19420616-01.2.22	1942-06-16	hmf	ועד ההלת היפה התעלם מצרכי בריאות האוכלוסיה	48	haifa	hadassah	3969	near	seen	spelled
hbkr19420624-01.2.52	1942-06-24	hbkr	ממשלת פלשתינה הרי) מחלקת הבריאות	15	haifa		1337	near	seen	spelled
haretz19420709-01.2.29	1942-07-09	haretz	מכתבים מארצות האויב	426	safed	rothschild	8017	far	new	indefinite
haretz19420719-01.2.49	1942-07-19	haretz	מרכז הטלפונים האבטומאטי נפתח בחיפה	463	jaffa		2993	far	new	indefinite,maqaf
hmf19420805-01.2.26	1942-08-05	hmf	"""_דושרים"	897	jerusalem		1460	far	new	indefinite
dav19420807-01.2.43	1942-08-07	dav	מכתבים מאתרת ה_^ויב נתקבלו	1202	safed	rothschild	5049	far	new	indefinite
hbkr19421029-01.2.19	1942-10-29	hbkr	"בית־החולימ החושי בצירוף ביה""ח הממשלתי, פתרו לגמר מצוקת האישפוז"	19	haifa	hadassah,rothschild	2994	near	seen	abbreviated
kolisraeljlm19421105-01.2.8	1942-11-05	kolisraeljlm	הרב י. עוזר, היפה כמתוקניט שבהט	16	haifa	hadassah	2317	near	seen	spelled
hmf19421228-01.2.41	1942-12-28	hmf	"&#8237;"" & 21_£1111 &#8236;"	65	jaffa		834	near	seen	spelled
dav19430107-01.2.47	1943-01-07	dav	"&#8237;""_1333 859&#8236;־ם ס_^ &#8237;""*0 8_^8&#8236; &#8237;?*_£ 1*4£"	159	haifa	hadassah	2979	far	new	spelled
hbkr19430405-01.2.33	1943-04-05	hbkr	המונו םותט יהוד בחיפה	336	telaviv		750	far	new	maqaf
ytlv19430516-01.2.8	1943-05-16	ytlv	"&#8237;11191&#8236; .בווו! המועצה ך־וו""דונ""וז."	3539	jaffa	hadassah	9909	far	new	spelled
haretz19430604-01.2.56	1943-06-04	haretz	מיליונים יושמעו בבניה אחר המלחמה	20	ramleh	english	7620	near	seen	spelled
haretz19430708-01.2.10	1943-07-08	haretz	"בהירות לעירית ת""א- באוקטובר &#8237;1944 &#8236;"	788	telaviv		3935	far	new	maqaf
haretz19430729-01.2.31	1943-07-29	haretz	בירונפליס	282	jerusalem		3251	far	new	spelled
hazmantlv19430812-01.2.52	1943-08-12	hazmantlv	wras	15	haifa		1546	near	seen	abbreviated
ahr19430817-01.2.31	1943-08-17	ahr	ןנננל &#8237;3 !&#8236; נ _ח_^רץ	21	haifa		3691	near	seen	maqaf
hazmantlv19430817-01.2.42	1943-08-17	hazmantlv	יsבחיפח<	18	acre		2140	near	seen	abbreviated
haretz19430820-01.2.35	1943-08-20	haretz	בחיפה	15	haifa		1917	near	seen	maqaf
hazmantlv19430830-01.2.40	1943-08-30	hazmantlv	?בחיהה	15	haifa	rothschild	2852	near	seen	abbreviated
haretz19430901-01.2.22	1943-09-01	haretz	&#8237;*1&#8236; פנקס ש / *•; ו יא רושלמי •	899	jerusalem	english,hadassah	6378	far	new	maqaf,spelled
ahr19430903-01.2.53	1943-09-03	ahr	1_ע&#8237;_3 _^1&#8236;ל ה_^רץ |	122	haifa	elisha	6610	near	seen	maqaf
hazmantlv19430903-01.2.20	1943-09-03	hazmantlv	*A ‘WAV' Tinw	15	haifa		2161	near	seen	abbreviated
ahr19430919-01.2.9	1943-09-19	ahr	1מס3 ד_^רץ1	801	jaffa		8133	far	new	abbreviated
hbkr19430929-01.2.44	1943-09-29	hbkr	תל־אביב של יום מחר	117	telaviv		8045	near	seen	spelled
ahr19431011-01.2.32	1943-10-11	ahr	נ_5ד_3_נדח_^_רץ	544	jaffa		5978	far	new	maqaf
haretz19431117-01.2.20	1943-11-17	haretz	בתריאנ*ב1	24	telaviv	hadassah	6751	near	seen	spelled
hazmantlv19431118-01.2.43	1943-11-18	hazmantlv	Untitled	21	nazareth	english	1765	near	seen	spelled
hazmantlv19431208-01.2.44	1943-12-08	hazmantlv	KlamsB	15	haifa		2820	near	seen	abbreviated
hazmantlv19431229-01.2.45	1943-12-29	hazmantlv	Untitled	20	haifa		2541	near	seen	spelled
hazmantlv19440116-01.2.59	1944-01-16	hazmantlv	031011!	76	haifa		2662	near	seen	abbreviated
hazmantlv19440119-01.2.60	1944-01-19	hazmantlv	;n3’n3t	29	haifa	rothschild	1361	near	seen	abbreviated
hazmantlv19440124-01.2.41	1944-01-24	hazmantlv	.fflama® Mnmmxp mn ת	17	haifa		2011	near	seen	abbreviated
hazmantlv19440131-01.2.34	1944-01-31	hazmantlv	Bnmnai	20	haifa	rothschild	2795	near	seen	spelled
hazmantlv19440214-01.2.49	1944-02-14	hazmantlv	yaaaasia anama®	161	haifa		2700	far	new	abbrev_short
hmf19440220-01.2.53	1944-02-20	hmf	_חי3ו_>	88	haifa	rothschild	2011	near	seen	spelled
hbkr19440301-01.2.42	1944-03-01	hbkr	^־^1 שחהים - על בסיס טריטוריאלי	18	haifa		3897	near	seen	indefinite
ahr19440406-01.2.69	1944-04-06	ahr	_אדכסנדד &#8237;\?&#8236;ו_>_ידבד_\ד	73	haifa		279	near	seen	maqaf
haretz19440416-01.2.69	1944-04-16	haretz	הכלל והפרט	80	jerusalem		1852	near	seen	spelled
ytlv19440416-01.2.11	1944-04-16	ytlv	על עניני הבריאות	12	haifa		8335	near	seen	spelled
ytlv19440416-01.2.18	1944-04-16	ytlv	1 מער.במת המועצה העידו!!!	593	telaviv	hadassah	25797	far	seen	spelled
dav19440427-01.2.40	1944-04-27	dav	UNKNOWN	20	haifa	english	2092	near	seen	spelled
hegeh19440427-01.2.17	1944-04-27	hegeh	רדיו ירושלים	20	haifa	english	1281	near	seen	spelled
hzh19440507-01.2.34	1944-05-07	hzh	נגע ההווחרות גפ &#8237;!_uro&#8236;ל&#8237;. ._*&#8236; ן ! ולי הח	159	jerusalem		3530	far	new	spelled
haretz19440521-01.2.46.3	1944-05-21	haretz	Page 4 Advertisements Column 3	776	jaffa	rothschild	4648	far	new	indefinite
hazmantlv19440525-01.2.20	1944-05-25	hazmantlv	למרגלות הכרמל	5	haifa	hadassah,rothschild	2895	near	seen	indefinite
hbkr19440601-01.2.37	1944-06-01	hbkr	מגונזי עד 3ו?ד גוודים ובמושבות	20	haifa	english	12882	near	seen	spelled
ahr19440606-01.2.75	1944-06-06	ahr	שוטר אנגלי נדהר בחיפה	116	haifa	english	240	near	seen	maqaf
ahr19440627-01.2.62	1944-06-27	ahr	שלום ליהורי רודוס חיפהום במכתב	322	haifa		424	far	new	maqaf
haretz19440807-01.2.19	1944-08-07	haretz	הכלל והפרט ן	506	jaffa		1697	far	new	abbreviated
dav19440820-01.2.50.2	1944-08-20	dav	Page 7 Advertisements Column 2	887	haifa		3701	far	new	spelled
hzh19440821-01.2.48	1944-08-21	hzh	מהברית העברית לעולמית	24	haifa	rothschild	848	near	seen	spelled
hegeh19440906-01.2.23	1944-09-06	hegeh	P תה!	42	haifa		2193	near	seen	spelled
haretz19440913-01.2.21	1944-09-13	haretz	בחיפה	102	jaffa		3547	near	seen	spelled
hazmantlv19440914-01.2.26	1944-09-14	hazmantlv	iisinii	56	haifa		2816	near	seen	abbreviated
ytlv19440915-01.2.7	1944-09-15	ytlv	"תל־אביב בתש""ד"	2754	telaviv	english	10198	far	new	indefinite
ahr19440920-01.2.53	1944-09-20	ahr	"&#8237;_0 2&#8236;גת' ד_3ר בח""פד."	20	haifa		192	near	seen	maqaf
hazmantlv19440929-01.2.30	1944-09-29	hazmantlv	'^ה?3ה<	15	haifa		3219	near	seen	abbreviated
ahr19441003-01.2.53	1944-10-03	ahr	משבחה בת 4 !נשות נוגעה בדבר	22	haifa		900	near	seen	maqaf
haretz19441003-01.2.34	1944-10-03	haretz	בחיקה 0	102	haifa		1482	near	seen	spelled
ahr19441013-01.2.75	1944-10-13	ahr	_Ttetun בב'ת־המלאכה של >ד.ד_03־_2	265	jaffa		468	far	new	maqaf
hzh19441016-01.2.55	1944-10-16	hzh	"&#8237;a "" n&#8236; ה"	62	haifa		1962	near	seen	abbreviated
hzh19441026-01.2.26	1944-10-26	hzh	מההווה בעיר העתיד	97	haifa		2700	near	seen	spelled
haretz19441117-01.2.59	1944-11-17	haretz	"הממשלה מקציבה לעירית חיפה ()&#8237;30.00&#8236; לא""י למלחמה בדבר ו"	21	haifa		1619	near	seen	spelled
amudimaliya19441229-01.2.17	1944-12-29	amudimaliya	ידיעות הארץ	329	telaviv	english	5214	far	new	spelled
ahr19450105-01.2.93	1945-01-05	ahr	"מה&#8237;11;_'&#8236;_־ם עזרה ל""המועל"""	29	haifa		707	near	seen	maqaf
haretz19450123-01.2.35	1945-01-23	haretz	בחיפה	81	haifa	rothschild	2961	near	seen	spelled
dav19450130-01.2.24	1945-01-30	dav	_קואופרטיב לחמר־בנץ נו _עשרימ	136	haifa		4724	near	seen	maqaf
haretz19450220-01.2.10	1945-02-20	haretz	"כ־2 מיליון לא""י-תקציבי החיבור והבריאות של כנסת ישראל"	19	telaviv	hadassah	6905	near	seen	spelled
haretz19450401-01.2.32	1945-04-01	haretz	הכלל והפרט	81	haifa		1304	near	seen	spelled
hbkr19450425-01.2.35	1945-04-25	hbkr	, מבוקר עד מקד בערים ובמושבות י	866	telaviv	rothschild	9593	far	new	spelled
haretz19450510-01.2.26	1945-05-10	haretz	מימי ההפצצות בחיפה ן ,	46	haifa	english	5357	near	seen	abbreviated
haretz19450523-01.2.8	1945-05-23	haretz	, ,השביתה הערבית עברה בשקט	371	jaffa		1111	far	new	abbreviated
ahr19450527-01.2.59	1945-05-27	ahr	_אבדהם &#8237;7r»&#8236;•	159	jaffa		311	far	new	maqaf
haretz19450627-01.2.18	1945-06-27	haretz	ארץ אחת, והיא איי...	199	nablus		1397	far	seen	spelled
haretz19450710-01.2.24	1945-07-10	haretz	עבודות צבוריות שבוצעו בזמן המלחמה לשמוש בתקופת השלום	20	haifa		7616	near	seen	spelled
hmf19450719-01.2.33	1945-07-19	hmf	&#8237;_ .. &#8236;	15	haifa		300	near	seen	abbreviated
ahr19450812-01.2.61	1945-08-12	ahr	_עויכו&#8237;1»1!&#8236;שלתי בספרים ערבים	51	haifa	hadassah	831	near	seen	maqaf
hbkr19450819-01.2.55	1945-08-19	hbkr	הגיעו צריפי-הצבא לשיכון החיילים	62	telaviv		223	near	seen	maqaf
amudimaliya19450824-01.2.22	1945-08-24	amudimaliya	ידיעות הארץ	11	haifa	english,hadassah,rothschild	5228	near	seen	spelled
haretz19450826-01.2.26	1945-08-26	haretz	כתל־אביב	2485	telaviv		4944	far	new	spelled
haretz19450827-01.2.1	1945-08-27	haretz	חזרו מעפילינו מגלות מאוריציוס	187	jaffa	rothschild	4228	far	new	maqaf
dav19450911-01.2.9	1945-09-11	dav	לקר5ות בהירות _נהונגריה	20	haifa		1648	near	seen	spelled
ytlv19450916-01.2.3	1945-09-16	ytlv	דיוניה והחלטותיה של מועצת העיר תל־אביב	3647	jaffa		44817	far	new	maqaf
haretz19451023-01.2.20	1945-10-23	haretz	הבקיון בשכונות על חשבון הועד	73	haifa		1002	near	seen	maqaf
ahr19451102-01.2.71	1945-11-02	ahr	חבלות \דולות בכל ק ! ו ' מס ילות הבלול &#8237;w*3&#8236;־p	131	haifa		3786	near	seen	maqaf
haretz19451102-01.2.1	1945-11-02	haretz	ן חבלה תחבורת הארץ	21	ramleh		6384	near	seen	maqaf
hzh19451111-01.2.52	1945-11-11	hzh	חי 2 ה	418	haifa		2660	far	new	spelled
haretz19451118-01.2.31	1945-11-18	haretz	בחיפה	20	haifa	rothschild	3549	near	seen	spelled
haretz19451130-01.2.52	1945-11-30	haretz	כתערובת בחיפה	260	haifa	rothschild	410	far	new	spelled
ahr19451202-01.2.48	1945-12-02	ahr	התנגשות בין מ כ זנית וקטר בנמל חיפה חי פה שבת מכונית ובה חיילים	117	haifa		214	near	seen	maqaf
haretz19451211-01.2.55	1945-12-11	haretz	הכלל והפרט	20	haifa		907	near	seen	maqaf
haretz19451219-01.2.31	1945-12-19	haretz	בחיפה	23	jaffa	english	1787	near	seen	spelled
hmf19451225-01.2.49	1945-12-25	hmf	נהגים ערביים מתנכלים לשוות תחבווה עבר	161	jaffa		799	far	new	abbreviated
hbkr19460101-01.2.61	1946-01-01	hbkr	תלאביב	775	telaviv		3549	far	new	spelled
tsohorayimhaifa19460109-01.2.15	1946-01-09	tsohorayimhaifa	בעולם הערבי	42	haifa		3405	near	seen	abbreviated
dav19460122-01.2.39	1946-01-22	dav	Untitled	380	haifa	rothschild	6497	far	new	maqaf
dav19460123-01.2.44	1946-01-23	dav	Untitled	33	haifa		5707	near	seen	spelled
dav19460127-01.2.47	1946-01-27	dav	Untitled	3114	jerusalem		4381	far	seen	spelled
tsohorayimhaifa19460212-01.2.17	1946-02-12	tsohorayimhaifa	170דונאםיין ב ש ו באיזור הנמל רד ״ , • Ba ס V	472	jaffa		1680	far	new	spelled
hed19460215-01.2.18	1946-02-15	hed	תל אביב	406	telaviv		1133	far	new	spelled
dav19460220-01.2.36	1946-02-20	dav	&#8237;[11!!!1!111111!111!11!!911!! 1111111111111111!11111!11111111111	210	haifa		3938	far	new	spelled
haretz19460221-01.2.33	1946-02-21	haretz	בעתונות	181	tiberias		2526	far	new	spelled
tsohorayimhaifa19460221-01.2.2	1946-02-21	tsohorayimhaifa	מספlת שגן עלתה בלהבות	496	haifa		1220	far	new	spelled
hmf19460222-01.2.68	1946-02-22	hmf	"מם&נת &#8237;""עגן-""'&#8236; בחיפה עלתה באש"	15	haifa		889	near	seen	abbreviated
ahr19460307-01.2.45	1946-03-07	ahr	המאבק בגולה הטרגית בארץ	51	haifa		3509	near	seen	abbreviated
tsohorayimhaifa19460502-01.2.14	1946-05-02	tsohorayimhaifa	.ס!■®■?•	20	haifa	english	2979	near	seen	abbreviated,maqaf
hzh19460515-01.2.33	1946-05-15	hzh	תל-אגינ	711	jaffa	elisha	4632	far	new	abbreviated
ahr19460616-01.2.50	1946-06-16	ahr	התנקשות בקצין מחוז חיפה שבת אלמוני ניסר להתנ	142	tiberias		226	near	seen	maqaf
ahr19460619-01.2.9	1946-06-19	ahr	_הלוניח 11 ההרוגים | בהתקפת חיפה במוצאירם ב בליל על	12	haifa		537	near	seen	spelled
hbkr19460619-01.2.9	1946-06-19	hbkr	הלוית 11 ההרוגים בחיפה	20	haifa		460	near	seen	spelled
hmf19460619-01.2.12	1946-06-19	hmf	&#8237;mrm rim &#8236;	15	haifa	rothschild	2486	near	seen	abbreviated
hmf19460626-01.2.53	1946-06-26	hmf	_ידושליס	20	haifa		1253	near	seen	abbreviated
hmf19460701-01.2.45	1946-07-01	hmf	מצב האסירים בעכו ופצועי ההתקפה בחיפה	21	haifa		477	near	seen	spelled
hzh19460701-01.2.35	1946-07-01	hzh	משוד _הגיוינפ נפרס מתחסל	21	haifa		1694	near	seen	spelled
dav19460703-01.2.6	1946-07-03	dav	"""בירה' בנמל חיפה,המעפילים בהסגר רפואי"	944	jaffa		1903	far	new	spelled
hbkr19460703-01.2.4	1946-07-03	hbkr	"מעפילי.ניויוד הועברו למנס מדחי""' """	20	haifa		1185	near	seen	spelled
hzh19460705-01.2.4	1946-07-05	hzh	י ן חולי ונו ומעפילי בירה יועלו על החוף היש	20	haifa		1152	near	seen	spelled
hmf19460716-01.2.58	1946-07-16	hmf	"פפנק נרשם בביה""ח ' הממשלתי כב.ג'וזף"	20	haifa		197	near	seen	spelled
hmf19460804-01.2.53	1946-08-04	hmf	עבודת ההצלה	281	haifa		1000	far	new	abbreviated
hegeh19460812-01.2.2	1946-08-12	hegeh	"סכל נסיין לשחרר 3 אעיריח עצורי"""	1703	jaffa	english	3631	far	new	spelled
haretz19460813-01.2.37	1946-08-13	haretz	"כל הישוב - ל""עם במצור"""	449	jaffa		1066	far	new	spelled
hmf19460814-01.2.53	1946-08-14	hmf	הל-אביב	391	jaffa	elisha,hadassah	1139	far	new	spelled
dav19460815-01.2.53	1946-08-15	dav	גיקורת חמורה _על _מרגזי הטלפון	198	jaffa		727	far	new	spelled
haretz19460815-01.2.65	1946-08-15	haretz	"פםק־הדין במשפט אנשי לח""י יקרא בנוכחותם"	150	jaffa		2839	far	seen	spelled
hegeh19460819-01.2.12	1946-08-19	hegeh	ליאון קלמריט	50	haifa		768	near	seen	spelled
hegeh19460823-01.2.19	1946-08-23	hegeh	נמצא נשק	6	haifa		569	near	seen	spelled
hmf19460823-01.2.86	1946-08-23	hmf	"יובלה ב""אמפ""ר ד""וול"""	15	haifa		1726	near	seen	abbreviated
hzh19460823-01.2.67	1946-08-23	hzh	אמקמ שוא בב_8נק נאמליע. בחיפה	21	haifa		1582	near	seen	spelled
hbkr19460901-01.2.33	1946-09-01	hbkr	"כל בית־אב - להשלמת לו* ם במצור"" """	15	haifa		318	near	seen	abbreviated
hzh19460904-01.2.46	1946-09-04	hzh	_ירושתם	55	haifa		3146	near	seen	spelled
haretz19460905-01.2.21	1946-09-05	haretz	!מעפילי >>4 חרויות<< בדרך לקפריסין	16	haifa		1135	near	seen	abbreviated
hadoar19460906-01.2.10	1946-09-06	hadoar	"מ״שלב"" ל,,שלב"""	13731	jaffa	english	17628	far	new	maqaf
ahr19460910-01.2.8	1946-09-10	ahr	סרג'אנט בולשת בריטי נודה _ונהרג בחינת סה ב־15	48	haifa		568	near	seen	spelled
haretz19460911-01.2.25	1946-09-11	haretz	ו נ:חח*ח	18	haifa		1164	near	seen	maqaf
hbkr19460911-01.2.51	1946-09-11	hbkr	"נכשל נםיון להתפרץ לביה""ח הממשלתי בחיפה"	16	haifa		858	near	seen	abbreviated
ahr19460912-01.2.51	1946-09-12	ahr	לאתר חודגם אין תחיה _בים־המלח	490	jaffa		1481	far	seen	spelled
haretz19460925-01.2.60	1946-09-25	haretz	נרצח יהודי בטבריה ביריות אקדח	20	haifa		3151	near	seen	maqaf
hmf19461003-01.2.57	1946-10-03	hmf	_מל־אביב	130	haifa	hadassah	1632	near	seen	spelled
hzh19461003-01.2.43	1946-10-03	hzh	_. תלאביב .	1163	telaviv	hadassah	2480	far	new	spelled
ahr19461011-01.2.79	1946-10-11	ahr	mm	20	haifa		417	near	seen	maqaf
ahr19461018-01.2.49	1946-10-18	ahr	&#8237;_ftrranaa 551 &#8236;	20	haifa		9765	near	seen	maqaf
ahr19461023-01.2.36	1946-10-23	ahr	"מעולתצלצל"" בחשכת הלילה נגד &#8237;"" _at9&#8236; מוופ""ל"" ""ברכה קול ? ?־"	13	haifa		3137	near	seen	maqaf
ahr19461101-01.2.64	1946-11-01	ahr	בכמה שוחת	18	haifa		718	near	seen	maqaf
ahr19461124-01.2.82	1946-11-24	ahr	"הרוג _ופןגוע בתא11ות דרפ""ס בחיפה"	191	haifa		441	far	new	maqaf
hzh19461127-01.2.1	1946-11-27	hzh	Untitled	66	haifa		9995	near	seen	spelled
haretz19461129-01.2.84	1946-11-29	haretz	מראה עינים והלך נפש	15	jerusalem	hadassah	6112	near	seen	abbreviated
haretz19461206-01.2.74	1946-12-06	haretz	", ""2 מעפילי,כבםת ישראל מתו מיריות""-החוקר"	321	haifa		989	far	new	spelled
dav19461211-01.2.81	1946-12-11	dav	נ&#8237;^^&#8236;_עו 3	571	jerusalem		2677	far	new	spelled
hegeh19461212-01.2.23	1946-12-12	hegeh	חדשות הארץ	1043	jerusalem		2185	far	new	spelled
haretz19461220-01.2.65	1946-12-20	haretz	מזכירי הרשויות בכינוסם	536	ramleh		6072	far	new	spelled
ahr19470105-01.2.68	1947-01-05	ahr	מגא' ר 3ד_8מ3_ד_&	100	haifa		183	near	seen	maqaf
hzh19470117-01.2.85	1947-01-17	hzh	"•נהתם חוזה לבנין 200 דירות לחיילים משוחררים;ע""י"	21	haifa	rothschild	3099	near	seen	spelled
haretz19470119-01.2.56	1947-01-19	haretz	"כוו""פה ו"	20	haifa	rothschild	2889	near	seen	spelled
hzh19470119-01.2.42	1947-01-19	hzh	־:חיפה	94	haifa	rothschild	1221	near	seen	spelled
ahr19470121-01.2.32	1947-01-21	ahr	_5כ&#8237;2>&#8236;נר_,ח_^_ךץ]	18	haifa		10892	near	seen	spelled
ahr19470122-01.2.25	1947-01-22	ahr	Untitled	68	telaviv	hadassah	6650	near	seen	maqaf
haretz19470122-01.2.62	1947-01-22	haretz	Untitled	21	haifa		1537	near	seen	spelled
hbkr19470122-01.2.38	1947-01-22	hbkr	מבוקר עד בוקר בעיר ובכפר	18	haifa		10332	near	seen	maqaf
ahr19470123-01.2.50	1947-01-23	ahr	&#8237;_jiiiiKJn _14&#8236; ביום אחד	20	jerusalem	rothschild	874	near	seen	maqaf
ahr19470127-01.2.48	1947-01-27	ahr	בכמהשוחת	245	haifa		1296	far	new	maqaf
ahr19470202-01.2.64	1947-02-02	ahr	&#8237;nniisi _0a_31&#8236; כנמל היפה האונייה הצרפתית	84	haifa		1145	near	seen	spelled
haretz19470202-01.2.36	1947-02-02	haretz	בחיפה	36	haifa		2096	near	seen	maqaf
hbkr19470202-01.2.32.3	1947-02-02	hbkr	Page 3 Advertisements Column 3	718	jaffa		2375	far	new	spelled
ahr19470209-01.2.47	1947-02-09	ahr	"3 נהרגו 3־ &#8237;rmmn 27&#8236; דרכינו תוך 3 ""מים"	20	haifa		333	near	seen	maqaf
hzh19470210-01.2.30	1947-02-10	hzh	י א יזור י ;_מבטחוז&#8237;*_3?_.&#8236;_ךוש? ימ	225	jaffa		2643	far	new	spelled
dav19470212-01.2.6	1947-02-12	dav	המעפיל האלמוני הובא לקברות	68	haifa		2009	near	seen	maqaf
hegeh19470212-01.2.8	1947-02-12	hegeh	המעפיל האלמוני הובא לקברות	66	haifa		1042	near	seen	maqaf
hzh19470212-01.2.15	1947-02-12	hzh	"לוויין המעפיל האלמוני הי""ד"	1207	jaffa		1805	far	new	spelled
ahr19470214-01.2.153	1947-02-14	ahr	Untitled	20	haifa		3187	near	seen	abbreviated
ahr19470214-01.2.61	1947-02-14	ahr	&#8237;5_|&#8236;_ט_^־_08ב ־ _האדץ|	24	haifa	elisha,rothschild	10001	near	seen	spelled
ahr19470216-01.2.31	1947-02-16	ahr	1 &#8237;yiNnqa ^] &#8236;	51	haifa	rothschild	7648	near	seen	maqaf
hegeh19470218-01.2.3	1947-02-18	hegeh	"עודי ""המעפיל האדמוני"" הועברו אחרי היאבקות ל״אמפיו חוור וגוושו לקפריסין"	145	haifa		582	near	seen	spelled
haretz19470304-01.2.16	1947-03-04	haretz	שבתה תנועה המכוניות בעיר	1197	jaffa	hadassah	6094	far	seen	abbreviated
ahr19470318-01.2.31	1947-03-18	ahr	&#8237;331333]&#8236; ה_^דץ _}	20	haifa	hadassah	10850	near	seen	maqaf
hegeh19470318-01.2.2	1947-03-18	hegeh	תת בתי הזיקוק מסתימת היום?	20	haifa		2021	near	seen	spelled
ahr19470320-01.2.47	1947-03-20	ahr	ירושלים	1049	jaffa	hadassah	2043	far	new	maqaf
ahr19470321-01.2.88	1947-03-21	ahr	_חתנ!ו!_נצ1_ת	78	haifa		408	near	seen	maqaf
ahr19470324-01.2.38	1947-03-24	ahr	&#8237;5 I*1&#8236;־_BS	60	acre	hadassah	8857	near	seen	maqaf
ahr19470326-01.2.25	1947-03-26	ahr	&#8237;yuan?_31B_31 &#8236;	15	jerusalem	rothschild	7769	near	seen	abbreviated
haretz19470326-01.2.64	1947-03-26	haretz	שכסוך או לא־שכשוך?	198	haifa		2852	far	new	spelled
ahr19470327-01.2.37	1947-03-27	ahr	331נל_33ה_^_תו	21	haifa		7588	near	seen	spelled
ahr19470330-01.2.40	1947-03-30	ahr	&#8237;I|rw1.:3a1_bfii &#8236;	981	haifa	rothschild	7361	far	seen	spelled
ahr19470330-01.2.70	1947-03-30	ahr	&#8237;I10_K_3 s'£s!_£se Ann&#8236; דרכים ליד !הדיה חיפה שבת בהתנגשות 	21	haifa	rothschild	812	near	seen	spelled
ahr19470406-01.2.64	1947-04-06	ahr	ננ₪ שורות	397	haifa		916	far	new	abbreviated
ahr19470415-01.2.49	1947-04-15	ahr	נדקר ז	77	haifa		1157	near	seen	maqaf
ahr19470416-01.2.3	1947-04-16	ahr	&#8237;8 ct'ii aran ,&#8236; אהדו!דוב קרבנ_1ת הר » ע 3 לה 1	20	haifa		1189	near	seen	maqaf
ahr19470420-01.2.36	1947-04-20	ahr	Untitled	908	haifa		1769	far	new	spelled
ahr19470421-01.2.34	1947-04-21	ahr	Untitled	21	haifa		1595	near	seen	spelled
ahr19470422-01.2.50	1947-04-22	ahr	Untitled	89	nazareth		1902	near	seen	maqaf
haretz19470423-01.2.69	1947-04-23	haretz	הלוית מזרחי , ברזני ופיינשטיין ,	1201	jerusalem		3175	far	new	maqaf
ahr19470507-01.2.79	1947-05-07	ahr	ברה נהג מכונית גנובה ת אז	15	haifa		431	near	seen	abbreviated
haretz19470508-01.2.43	1947-05-08	haretz	בחיפה	10	haifa	rothschild	3274	near	seen	abbreviated
hbkr19470508-01.2.56	1947-05-08	hbkr	הוגברה השמידה על ביהיח הממשלתי בחיפה	52	haifa		223	near	seen	spelled
hadoar19470509-01.2.6	1947-05-09	hadoar	בצל עץ־התליה	3066	jerusalem	english	28772	far	new	maqaf
hmf19470511-01.2.80	1947-05-11	hmf	2 נפצעו קשה בתאונת־ דרכים ליד רעננה	15	haifa		517	near	seen	abbreviated
ahr19470512-01.2.38	1947-05-12	ahr	"&#8237;^^&#8236;נ&#8237;^^&#8236;מ&#8237;?_5""""^^^ &#8236;"	20	haifa		1891	near	seen	maqaf
hmf19470512-01.2.64	1947-05-12	hmf	"תינוקת נעלמה מביג""ח הממשלתי בחיפה"	15	haifa		417	near	seen	abbreviated
hmf19470514-01.2.74	1947-05-14	hmf	_חלקי־גופה של חווני נמצאו בחיפה	138	nazareth		369	near	seen	abbreviated
hzh19470514-01.2.55	1947-05-14	hzh	חיפוש ממה _מ ול ן	208	jaffa		2170	far	new	spelled
ahr19470516-01.2.86	1947-05-16	ahr	2 קצינים הוגו &#8237;3,!&#8236; גשרים שבלו הותקפה רבבת שהסיעה נועלים	1425	jaffa		3022	far	new	abbreviated
ahr19470518-01.2.56	1947-05-18	ahr	win אחד ה_4 פצועים בהדר־הכרמל	452	haifa	english	1092	far	new	maqaf
hbkr19470518-01.2.48	1947-05-18	hbkr	התינוקת הגנובה מחיפה נמצאה בחיק אשר? צועניה גנבה אותה ומכרה בשתי לאיי 	20	jaffa		1469	near	seen	spelled
hmf19470518-01.2.54	1947-05-18	hmf	פושה מסתורית של חפיפת תינוקת ערביה	15	haifa		739	near	seen	abbreviated
dav19470519-01.2.81	1947-05-19	dav	Untitled	20	haifa	rothschild	2473	near	seen	maqaf
haretz19470521-01.2.54.1	1947-05-21	haretz	Page 5 Advertisements Column 1	1417	telaviv		2196	far	new	spelled
ahr19470526-01.2.29	1947-05-26	ahr	Untitled	20	haifa		2647	near	seen	maqaf
hmf19470526-01.2.65	1947-05-26	hmf	חומרות בלתי־וגילות בבתי הכלא בחג השבועות	16	haifa		2142	near	seen	maqaf
ahr19470528-01.2.33	1947-05-28	ahr	Untitled	20	haifa		2650	near	seen	maqaf
haretz19470528-01.2.1	1947-05-28	haretz	"הוחרבה תחבתןהרכבת ברמלה 3 התקפות אצ""ל על קווי מסילת הברזל.-!ערביה נפצע"	361	jaffa		3042	far	new	spelled
hmf19470601-01.2.73	1947-06-01	hmf	חילופי יריות בין מבריחים ושוטרים בנגב	332	gaza		3975	far	new	abbreviated
hmf19470606-01.2.24	1947-06-06	hmf	ה&#8237;14_=&#8236; שנפלו בימ• המאבק	15	haifa		3605	near	seen	abbreviated
hzh19470610-01.2.64	1947-06-10	hzh	.וזיינו?	11	haifa	rothschild	3106	near	seen	abbreviated
dav19470611-01.2.73	1947-06-11	dav	UNKNOWN	16	haifa		1081	near	seen	abbreviated
hmf19470611-01.2.74	1947-06-11	hmf	_ח!חיד _וחצבוד	15	haifa		539	near	seen	abbreviated
haretz19470612-01.2.39	1947-06-12	haretz	הכלל והפרט	21	haifa		1207	near	seen	spelled
haretz19470619-01.2.44	1947-06-19	haretz	בחיפה	20	haifa	rothschild	2043	near	seen	spelled
khm19470625-01.2.46	1947-06-25	khm	מוסד שאין בו הפליה _גזעירת	445	jaffa	english	1068	far	new	spelled
haretz19470701-01.2.45	1947-07-01	haretz	' בחיפה 1	81	haifa	rothschild	2753	near	seen	abbreviated
ahr19470713-01.2.35	1947-07-13	ahr	Untitled	21	haifa		1504	near	seen	spelled
ahr19470715-01.2.29	1947-07-15	ahr	Untitled	20	haifa		1720	near	seen	maqaf
hmf19470716-01.2.49	1947-07-16	hmf	דין צעיר שהחזיק פצצת־כרוזים	184	haifa		3142	far	seen	abbreviated
ahr19470720-01.2.11	1947-07-20	ahr	"מעפילייציאת אירופה"" גודש!לקפה•™ """	429	haifa		2734	far	seen	maqaf
hzh19470720-01.2.2	1947-07-20	hzh	&#8237;... _, _, ,,,,, .&#8236; יי־- - &#8237;? ?&#8236; י יי	120	haifa	english	4816	near	seen	spelled
hmf19470721-01.2.4	1947-07-21	hmf	", ייחם שמעפילייציאת אירופה' מוחזרים לצופה"""	15	haifa		3854	near	seen	abbreviated
ahr19470722-01.2.47	1947-07-22	ahr	, התקפות על מתק! הראדאר _בהר־הכרמל	438	jaffa		1643	far	new	maqaf
ahr19470723-01.2.47	1947-07-23	ahr	חיפה _מכבדת את! זכו ש י אל?_א וק י &#8237;™ ! &#8236;	414	jaffa		1881	far	seen	spelled
ahr19470725-01.2.70	1947-07-25	ahr	Untitled	18	haifa		1528	near	seen	maqaf,spelled
ahr19470801-01.2.63	1947-08-01	ahr	Untitled	41	haifa		1383	near	seen	spelled
dav19470801-01.2.63	1947-08-01	dav	־ &#8237;_£1 3!1&#8236; חיילים התגרו במאות בעלים שנעצרו	21	haifa		5675	near	seen	spelled
hmf19470801-01.2.53	1947-08-01	hmf	ערבי נורה ליד רמת-יוחנן	15	haifa		208	near	seen	abbreviated
haretz19470807-01.2.69	1947-08-07	haretz	מקרה דבר בקרבת יפו	20	haifa		242	near	seen	spelled
hmf19470812-01.2.64	1947-08-12	hmf	הורע מצב הצעיו שנפצע בהתפוצצות בחיפה	5	haifa	rothschild	659	near	seen	abbreviated
dav19470813-01.2.123	1947-08-13	dav	Untitled	585	jaffa	hadassah	6052	far	seen	spelled
dav19470813-01.2.43	1947-08-13	dav	"&#8237;""^^ &#8236;"	20	haifa		1353	near	seen	spelled
khm19470813-01.2.62	1947-08-13	khm	"בי""ח ממשלתי נעזר על ידי מנן דוד אדום"	37	haifa		197	near	seen	abbreviated
ahr19470815-01.2.8	1947-08-15	ahr	בבמה שוחח	101	jerusalem	rothschild	595	near	seen	maqaf
dav19470815-01.2.63	1947-08-15	dav	Untitled	909	telaviv	rothschild	9149	far	new	abbrev_short
dav19470817-01.2.34	1947-08-17	dav	_^_ביתת־ר&#8237;55 _^ 3_^&#8236; חוזיות	20	haifa	english	5258	near	new	spelled
haretz19470818-01.2.36	1947-08-18	haretz	נרצוז ערבי נתל־8ניב	1085	telaviv	hadassah	9227	far	seen	spelled
khm19470818-01.2.53	1947-08-18	khm	"שביתת הרעב של אהיות ביה""ח! הממשלתי בחיפה הסתיימה"	16	haifa		520	near	seen	abbreviated
dav19470819-01.2.41	1947-08-19	dav	&#8237;.?&#8236;ההסתדרות!	20	haifa		7191	near	new	spelled
dav19470827-01.2.67	1947-08-27	dav	Untitled	21	haifa		2794	near	seen	spelled
ahr19470901-01.2.35	1947-09-01	ahr	Untitled	38	haifa		2035	near	seen	spelled
dav19470902-01.2.33	1947-09-02	dav	"קונוו"""	961	jaffa		3894	far	seen	abbreviated
dav19470910-01.2.63	1947-09-10	dav	ש_&ףןיוייו_* הגשר _83יגז&#8237;_£!&#8236;וטדת	20	haifa		1914	near	seen	spelled
ahr19470918-01.2.38	1947-09-18	ahr	Untitled	20	haifa	rothschild	1211	near	seen	maqaf
ahr19470918-01.2.70	1947-09-18	ahr	כלב?שומרים לעזרת | בעליהם _המותקפים	20	haifa		446	near	seen	maqaf
haretz19470919-01.2.59	1947-09-19	haretz	Untitled	158	haifa		2051	far	new	abbreviated
hmf19470928-01.2.74	1947-09-28	hmf	המעפילים לקפריסין	842	jaffa		2729	far	new	abbreviated
ahr19470930-01.2.66	1947-09-30	ahr	עשרה הרוגים ד52 פצועים _אנגלים.יהודים וערבים	1288	haifa		5661	far	seen	maqaf
hzh19471002-01.2.26	1947-10-02	hzh	Untitled	2880	jaffa	english,hadassah	12175	far	new	spelled
hmf19471008-01.2.86	1947-10-08	hmf	הערבי החיפאי אינו נגוע בחולירע	20	haifa		855	near	seen	spelled
itonmeyuhad19471010-01.2.6	1947-10-10	itonmeyuhad	רווק עשיר מחבש נחומים בזוועות המוות	2574	jerusalem	hadassah	3882	far	new	spelled
haolam19471016-01.2.60	1947-10-16	haolam	"""עבודה!"""	1440	jaffa		8978	far	new	spelled
dav19471017-01.2.114	1947-10-17	dav	מפנקס הזמו	20	haifa		2194	near	seen	maqaf
ahr19471019-01.2.20	1947-10-19	ahr	Untitled	47	haifa		3001	near	seen	spelled
ahr19471020-01.2.32	1947-10-20	ahr	Untitled	63	haifa		1776	near	seen	abbreviated
hmf19471020-01.2.67	1947-10-20	hmf	אסירים ערביים שוחררו בכוח מידי המשטרה	15	haifa		350	near	seen	abbreviated
dav19471023-01.2.6	1947-10-23	dav	_טצועימ ונזקים בםמטמית חרט _3י&#8237;!3&#8236;ו	375	jaffa		803	far	new	spelled
ahr19471024-01.2.48	1947-10-24	ahr	Untitled	15	haifa		2300	near	seen	abbreviated
ahr19471103-01.2.51	1947-11-03	ahr	&#8237;ni mil &#8236;	77	jaffa	rothschild	1357	near	seen	abbreviated
hmf19471103-01.2.67	1947-11-03	hmf	"נהג יהודי נרצח ע""י ערבים בסביבת חיפה"	997	jaffa		2358	far	seen	abbreviated
khm19471105-01.2.25	1947-11-05	khm	_ףערים _ובמושבי _חן	15	haifa		2409	near	seen	abbreviated
ahr19471106-01.2.41	1947-11-06	ahr	Untitled	20	haifa		1454	near	seen	maqaf
ahr19471106-01.2.61	1947-11-06	ahr	"אשמה בבדה כלפי ב""ת־החולים ה&#8237;»>1&#8236;שלתי מפי ש_1פט בחיפה"	18	haifa		983	near	seen	abbreviated
ahr19471107-01.2.92	1947-11-07	ahr	בכמה שרות	78	haifa		1779	near	seen	maqaf
ahr19471111-01.2.74	1947-11-11	ahr	ננ₪ שווון!	187	haifa		700	far	seen	spelled
ahr19471117-01.2.43	1947-11-17	ahr	""" פרצה א ת _ixDnn־ "" עלייה"	1873	jaffa		3641	far	seen	abbreviated
ahr19471120-01.2.52	1947-11-20	ahr	בנמר!שוחת	67	haifa		964	near	seen	abbreviated
haretz19471125-01.2.27	1947-11-25	haretz	בחיפה	20	haifa	rothschild	1584	near	seen	spelled
hzh19471126-01.2.60	1947-11-26	hzh	חיוה	24	haifa		4275	near	seen	spelled
hbkr19471130-01.2.33	1947-11-30	hbkr	בנמל תל-אביב	236	jerusalem		632	far	seen	spelled
ahr19471207-01.2.46	1947-12-07	ahr	"'רות !הצתות בונוצ""ש בחיפה"	60	haifa	rothschild	2897	near	seen	abbreviated
hzh19471207-01.2.14	1947-12-07	hzh	&#8237;_naa _ro &#8236;	34	haifa	english,rothschild	1461	near	seen	spelled
dav19471209-01.2.35	1947-12-09	dav	"סולד בונה ה""ם תכניו&#8237;!! &#8236;"	20	haifa	hadassah	7307	near	seen	spelled
ahr19471210-01.2.49	1947-12-10	ahr	&#8237;1h&#8236;־&#8237;t_3&#8236; _ההתקננוז ב1_ו&#8237;^@&#8236;ה &#8	374	jaffa	rothschild	3865	far	new	maqaf,spelled
hmf19471210-01.2.11	1947-12-10	hmf	לג־ונר ערב־ נתח באש המהומות בחינה	119	jaffa	rothschild	4849	near	seen	abbreviated
ahr19471212-01.2.68	1947-12-12	ahr	_בח־_3_ה _13_צצו ,בתי? והועלה _באש &#8237;1am &#8236;	18	haifa	rothschild	2879	near	seen	abbreviated
ahr19471214-01.2.54	1947-12-14	ahr	13 ערבים נהרגו _בםידח	264	gaza		814	far	seen	abbreviated
haretz19471216-01.2.20	1947-12-16	haretz	הפוגה יחסית בארץ אתמול	89	nablus		4933	near	seen	spelled
ahr19471217-01.2.50	1947-12-17	ahr	"שודד ערבי נפצע ע""י ה""הגנה"""	480	jaffa		1772	far	seen	abbreviated
dav19471217-01.2.65	1947-12-17	dav	מד.בין הערבים	861	jaffa		4438	far	seen	spelled
haretz19471219-01.2.21	1947-12-19	haretz	בעיות תל־אביב בימים אלה	1088	telaviv		6476	far	new	spelled
ahr19471221-01.2.55	1947-12-21	ahr	נורה יהודיבחיפה כשהלך לגבות חוב בוערבי	15	haifa		2022	near	seen	abbreviated
ahr19471224-01.2.51	1947-12-24	ahr	שני החגים בהתקנה שניה עלבונם&#8237;3.&#8236; נ!צו11_ים	1193	jerusalem		2960	far	seen	spelled
ahr19471224-01.2.52	1947-12-24	ahr	"""ום ""ו""ינת &#8237;_n3TQ &#8236;"	132	haifa	rothschild	2525	near	seen	spelled
itonamami19471226-01.2.2	1947-12-26	itonamami	20 פורעיםערביפנהוגור^נפצעונחיפה	147	haifa	rothschild	3614	near	seen	spelled
ahr19471228-01.2.7	1947-12-28	ahr	"קציר הץודם &#8237;?a&#8236;ו""ו ו י&#8237;?""1?&#8236; &#8237;_IIJ IIJ &"	17	haifa	rothschild	1681	near	seen	abbreviated,maqaf
itonamami19471229-01.2.31	1947-12-29	itonamami	בחיפ ה	20	haifa		712	near	seen	spelled
haretz19471230-01.2.28.3	1947-12-30	haretz	Page 3 Advertisements Column 3	24	jerusalem		3514	near	seen	abbreviated
haretz19471231-01.2.68.3	1947-12-31	haretz	Page 5 Advertisements Column 3	15	haifa		1146	near	seen	abbreviated
dav19480101-01.2.11	1948-01-01	dav	_ליחי _יה1די !_זי_^ה _ונת _לרבנות _בתי־הזיקוק	170	jerusalem	rothschild	3885	far	seen	spelled
ahr19480102-01.2.57	1948-01-02	ahr	"עשרות _הדוגים ופצועים ב פ עו ל ו ת ש י ן עונ ד""ד ח י פ ה"	21	haifa	rothschild	3120	near	seen	abbreviated
khm19480102-01.2.41	1948-01-02	khm	בועלי הנבט ?חזרו לעבודה לאהד מילוי תביעותיהם	15	haifa		1861	near	seen	abbreviated
ahr19480104-01.2.11	1948-01-04	ahr	שניים מתו מפצע י הם בחיבה	23	haifa	rothschild	1664	near	seen	abbreviated
ahr19480105-01.2.59	1948-01-05	ahr	"העובדים היהודים בביה""ח הממשלתי ק הפסיו עבודתם"	30	haifa		663	near	seen	maqaf
haretz19480106-01.2.46	1948-01-06	haretz	םרג'נט בריטי נהרג ביריות .המשמר הלאומי'הערבי בחיפה	20	haifa		2046	near	seen	spelled
dav19480107-01.2.16	1948-01-07	dav	ב_&יוית בטחון בחיננה	163	haifa		1028	far	new	spelled
haolam19480108-01.2.14	1948-01-08	haolam	מאורעות הדמים בארץ	5	haifa	english,hadassah,rothschild	42430	near	new	maqaf
hzh19480108-01.2.35	1948-01-08	hzh	גל של פלישות לאחר הגשמים _נחיוה	465	jaffa		1961	far	new	spelled
ahr19480111-01.2.52	1948-01-11	ahr	"יריות אל מכוניות "" נהרגו ארבעה ומתוך מכוניות בחיפה"	262	jaffa	rothschild	2397	far	seen	spelled
dav19480114-01.2.15	1948-01-14	dav	כברנ1ית מרצחים התקיפה ש&#8237;_#1&#8236;ר*ם בשדות משמר הים	10	haifa		2581	near	seen	spelled
hzh19480114-01.2.3	1948-01-14	hzh	התקפה על משמר הים שבמפד_?_חיפדץ	12	haifa	rothschild	2889	near	seen	spelled
haolam19480115-01.2.12	1948-01-15	haolam	שבוע הימים בארץ	852	jerusalem	hadassah	20757	far	new	maqaf
hzh19480115-01.2.3	1948-01-15	hzh	התנמשות ערבית נמבונת תופת&#8237;r\2m.&#8236; ־ &#8237;!win &#8236;	514	haifa	hadassah,rothschild	4845	far	new	spelled
ahr19480116-01.2.10	1948-01-16	ahr	"התקפה מד 1נ &#8237;1 :&#8236; ת על תחבורת ""הודי חיפה"	138	haifa	english,rothschild	5174	near	seen	abbreviated
hmf19480119-01.2.66	1948-01-19	hmf	7 ערבים: נהרגו בפעולת־עונשין	567	jaffa		1064	far	seen	abbreviated
dav19480120-01.2.57	1948-01-20	dav	Untitled	1851	jaffa		2898	far	new	spelled
haretz19480123-01.2.61	1948-01-23	haretz	ערבי נורה ונהרג בחיפה	20	haifa		684	near	seen	spelled
dav19480125-01.2.55	1948-01-25	dav	בבית החולים _הטפשלתי בחיפה _מתהלננים פור9ים חמושים כבתוך ש?ר.מ	20	haifa		3298	near	seen	maqaf
hmf19480126-01.2.34	1948-01-26	hmf	_בית־החוליפ הממשלתי בחיפה הפך למוסד ערבי טהור	20	haifa		4283	near	seen	spelled
khm19480126-01.2.57	1948-01-26	khm	"עובדי ביה""ח הממשלתי בחיפה עזבו ™ העמדה באשמת הממשלה"	15	haifa		1716	near	seen	abbreviated
hmf19480128-01.2.64	1948-01-28	hmf	2 קציני־משטוה ערביים נפצעו בהתנקשות	157	jaffa	english	762	far	new	abbreviated
hbkr19480129-01.2.90	1948-01-29	hbkr	"בית־החולים הממשלתי בחיפה נעזב ע""י היהודים תחת לחץ"	20	haifa		2717	near	seen	maqaf,spelled
ahr19480202-01.2.57	1948-02-02	ahr	"""_םתח שדות ימי בץ חיפה לעכו"	20	haifa		656	near	seen	maqaf
dav19480205-01.2.9	1948-02-05	dav	שוטר בריטי רצח יהודי _3ג_3נ&#8237;5*&#8236;י הי_3ה	223	haifa		398	far	seen	spelled
haretz19480205-01.2.35	1948-02-05	haretz	נתפס בשר מוברח לתל־אביב	113	telaviv		1737	near	seen	spelled
hmf19480205-01.2.52	1948-02-05	hmf	_Eas מבעיות &#8237;_mmsms&_.^^^&#8236; העזרה &#8237;mm_£_iSaMi_^&#8236	1544	jerusalem		6939	far	new	abbreviated
ahr19480208-01.2.58	1948-02-08	ahr	_תנח &#8237;TIOJI&#8236;־ _3קד_8 את &#8237;aim IS _nH H Mr I tm ^^_Tll	19	haifa	rothschild	3265	near	seen	maqaf
ahr19480209-01.2.80	1948-02-09	ahr	"ע_0ד _מחסונעים ה1קמ1 ב""רושל""מ"	69	haifa	rothschild	731	near	seen	abbreviated
haretz19480209-01.2.44	1948-02-09	haretz	משלחת הצלב האדום מסיירת בחיפה	6	haifa	rothschild	2006	near	seen	abbreviated,spelled
hzh19480209-01.2.11	1948-02-09	hzh	שלשה ערבים נהרגו בידי _הצבא _גחי_^ה	35	haifa		1303	near	seen	spelled
hzh19480209-01.2.58	1948-02-09	hzh	"&#8237;111m nrmn&#8236; &#8237;1a D""_1ag _mmm &#8236;"	791	jaffa		3168	far	seen	spelled
haolam19480219-01.2.16	1948-02-19	haolam	מאורעות הדמים בארץ	54	jaffa		21937	near	seen	abbreviated
dav19480225-01.2.22	1948-02-25	dav	הרעשה בריטית וקרבות עם ערבים בירושלים	113	jaffa	hadassah	4075	near	seen	spelled
hayomjlm19480226-01.2.31	1948-02-26	hayomjlm	03*03	46	haifa		2160	near	seen	spelled
ahr19480227-01.2.134	1948-02-27	ahr	"פעולות־גמול &#8237;! !&#8236; של""הגנה"" _בחי&#8237;_*3&#8236;ה לאחר שפג"	85	telaviv	hadassah,rothschild	3113	near	seen	abbreviated
hmf19480227-01.2.90	1948-02-27	hmf	ערבים שודדים מכוניות של הממשלה	101	safed		549	near	seen	abbreviated
ahr19480301-01.2.46	1948-03-01	ahr	"_מכזנית־תופת ערבית בחיפה פוצצה על־יד' יחידות ה""הגנה"""	177	haifa		3312	far	new	abbreviated
hayomjlm19480304-01.2.42	1948-03-04	hayomjlm	פצצה קטלנית 11 דעת מות והרס בחיפה	919	haifa		1499	far	new	spelled
mar19480309-01.2.30	1948-03-09	mar	ערביי חיפה מטכסים עצות נגד הנדחות ההמוניות	36	haifa	rothschild	808	near	seen	spelled
ahr19480310-01.2.96	1948-03-10	ahr	&#8237;wmm 2&#8236; mm ששדדו	400	haifa	rothschild	1995	far	new	maqaf
mar19480310-01.2.37	1948-03-10	mar	מענד _למחסם	117	jaffa		1171	near	seen	abbreviated
ahr19480317-01.2.113	1948-03-17	ahr	"&#8237;&' _m a_'_juxa wm _srwro 01"" &#8236;"	83	haifa		1151	near	seen	maqaf
khm19480322-01.2.38	1948-03-22	khm	"בעיות האספהה וחלוקת המצרכים בדיוז מועצת עירית ת""א"	1924	haifa		2506	far	new	abbreviated
mar19480322-01.2.23	1948-03-22	mar	*חוח	11	haifa		2867	near	seen	spelled
dav19480401-01.2.49	1948-04-01	dav	הצב_8 עומד לעזוב את העיר העתיקה בירושלים	1117	jaffa	hadassah	5127	far	new	spelled
dav19480414-01.2.25	1948-04-14	dav	ההגנה פוצצה עוד גשר־כנופיות	753	jaffa		1629	far	new	spelled
mar19480418-01.2.82	1948-04-18	mar	"מ י נ יסטר י ו ן הבריאות יתחיל לפעול בת""א ב־15 במאי"	35	telaviv	rothschild	1940	near	seen	spelled
hayomjlm19480419-01.2.17	1948-04-19	hayomjlm	הוקס מיניסטריון הבריאות העברי	20	haifa		1363	near	seen	spelled
hmf19480419-01.2.76	1948-04-19	hmf	המוסדות מהימים שרות ־־ בראות עבר מרכזי	34	safed	english	3765	near	seen	abbreviated
hzh19480419-01.2.6	1948-04-19	hzh	&#8237;3_¥ _1#_iiiffiSiffi _$S&&#8236;ו־!זתחיל לפעול	928	haifa	hadassah	2330	far	new	spelled
hzh19480423-01.2.18	1948-04-23	hzh	Untitled	97	acre		8725	near	seen	abbreviated
hzh19480425-01.2.26	1948-04-25	hzh	"מחלקת עליה _בדושלינ נכבשה ע""י ההגנה"	177	jerusalem		518	far	new	abbreviated
haretz19480428-01.2.48	1948-04-28	haretz	ההגנה קוראת לתושבי חיפה הערבים לחזור לבתיהם	85	haifa		2307	near	seen	spelled
hbkr19480428-01.2.44	1948-04-28	hbkr	אורגן השרות הרפואי בחיפה וסביבתה	262	haifa		865	far	new	maqaf,spelled
hmf19480428-01.2.57	1948-04-28	hmf	"ביה""ח הממשלתי בחיפה לרשות העיריה"	15	haifa		900	near	seen	abbreviated,spelled
hzh19480428-01.2.24	1948-04-28	hzh	ההגנה קוראת ו לע נ יי חיפה לשוב לבתיהם	20	haifa		2341	near	seen	spelled
haretz19480503-01.2.39	1948-05-03	haretz	"גיה""ח הממשלתי בחיפה-לעיריה"	6	haifa		1681	near	seen	spelled
ahr19480504-01.2.34	1948-05-04	ahr	מנהלת העם מארגנת שירותי ממשלה בחיפה	32	haifa		2575	near	seen	maqaf
ahr19480504-01.2.75	1948-05-04	ahr	"מה יהיה גורל ביה""ח הממשלתי בודפה? חפה יום ב דר א!"	190	haifa		559	far	seen	abbreviated
haretz19480504-01.2.42	1948-05-04	haretz	השלטון הצבאי העברי בחיפה הוחלה במשטר עברי אזרחי	43	haifa		2048	near	seen	spelled
hmf19480504-01.2.48	1948-05-04	hmf	הצבא תפס עמדות חדשות בחיפה	20	haifa	rothschild	2855	near	seen	spelled
khm19480504-01.2.49	1948-05-04	khm	"פעולה להעברת ביה""וו הממשלתי בחיפה לרשות יהודית"	92	haifa		211	near	seen	spelled
mar19480504-01.2.7	1948-05-04	mar	ביהי'ח הממשלתי בחיפה - לרשות _דייריה	20	haifa		114	near	seen	spelled
haretz19480507-01.2.59	1948-05-07	haretz	הריאה לערבים לחזור לחיפה ללא חשש	46	haifa		324	near	seen	maqaf
hzh19480517-01.2.48	1948-05-17	hzh	_מחלאות הממשלה _בחי8ה הועברו ליד העירה	5	haifa		4694	near	seen	maqaf
haretz19480518-01.2.38	1948-05-18	haretz	בחיפה	479	haifa	hadassah	813	far	new	maqaf
ahr19480521-01.2.43	1948-05-21	ahr	במשמתהפקיוים	6	haifa		2628	near	seen	abbreviated
ahr19480606-01.2.31	1948-06-06	ahr	לגורלו של ביה ח הממשלתי בחיפה	20	haifa	hadassah,rothschild	3407	near	seen	maqaf
dav19480620-01.2.42	1948-06-20	dav	ת י .פ ה י . בית החולים הממשלתי בחיפה מתארגז מחדש	20	haifa		1111	near	seen	abbreviated,spelled
hzh19480620-01.2.35	1948-06-20	hzh	המצב בבית החרלים הממשלתי בחיפה	82	telaviv	hadassah	1483	near	seen	spelled
dav19480621-01.2.48	1948-06-21	dav	&#8237;8 6 53383 1 8 &#8236;	22	haifa	rothschild	2122	near	seen	spelled
yomyom19480802-01.2.41	1948-08-02	yomyom	"(על ""המשמר"") הסדר חדש בבתי• החולים בחיפה"	16	haifa	rothschild	295	near	seen	abbreviated
dav19480809-01.2.37	1948-08-09	dav	_חיפה 1נית ההולימ _הוזמנתי _בחי_&ה _לר'_עוות י_^_רונל	6	haifa	rothschild	2354	near	seen	spelled
yomyom19480818-01.2.24	1948-08-18	yomyom	הרופא העברי ניצח במערכה על בריאות האדם בחזית ובעורף	379	jaffa	hadassah	4715	far	new	spelled
yomyom19480818-01.2.59	1948-08-18	yomyom	הרופא העברי ניצח במערכה על בריאות האדם בחזית ובעורף	379	jaffa	hadassah	4708	far	new	spelled
ahr19480827-01.2.56.3	1948-08-27	ahr	Page 5 Advertisements Column 3	20	haifa		3720	near	seen	spelled
hzh19480829-01.2.71	1948-08-29	hzh	חיפה	5	haifa	rothschild	960	near	seen	spelled
hzh19480831-01.2.29	1948-08-31	hzh	משרד הבר יאות במד ינת ישראל	12	telaviv	hadassah	5189	near	seen	spelled
hayomjlm19480903-01.2.37	1948-09-03	hayomjlm	משדד הבריאות ושירותיו	12	telaviv	hadassah	5066	near	seen	maqaf
hbkr19480914-01.2.23	1948-09-14	hbkr	האישפוז לשעת חרום בחיפה-למופת	11	haifa	english	4969	near	seen	abbreviated
dav19480917-01.2.67	1948-09-17	dav	שר־הפנים לא אישר הצעת המופלגות והארגון להרחבת יועדה העירונית בחיפה	15	telaviv		1661	near	seen	abbreviated
hzh19480917-01.2.74	1948-09-17	hzh	"אזעקות נסיון בת""א"	20	telaviv		3492	near	seen	spelled
hmf19480922-01.2.58	1948-09-22	hmf	מ ונו 9 מפקחים אזוריים לבצוע הרישום	697	jaffa		1588	far	new	spelled
haolam19480923-01.2.15	1948-09-23	haolam	שבוע הימים בארץ	15	telaviv		9139	near	seen	abbreviated
khm19480923-01.2.24	1948-09-23	khm	נקבע סדר מפעל הרישום	244	jaffa		1186	far	new	spelled
hmf19480927-01.2.30	1948-09-27	hmf	הכנות מזורזות לרישום התושבים	674	jaffa		1227	far	new	spelled
hzh19480927-01.2.21	1948-09-27	hzh	המיפהד - ב־10 באוקטובר	692	jaffa		1406	far	new	spelled
haretz19480928-01.2.50	1948-09-28	haretz	בתל־אביב I	199	jaffa		1898	far	seen	maqaf
dav19481003-01.2.74	1948-10-03	dav	ח פה	20	haifa		3239	near	seen	maqaf
hbkr19481029-01.2.59	1948-10-29	hbkr	דוח היום פרשת השב! נראשית	1332	acre		4202	far	new	spelled
ahr19481119-01.2.8	1948-11-19	ahr	בקרב עובדי חיפה גוברת התסיסה לשיפור תנאיהם	508	nazareth		1121	far	new	abbreviated
ahr19481124-01.2.42	1948-11-24	ahr	_bnimi	1267	nazareth		1975	far	new	maqaf
yomyom19481124-01.2.14	1948-11-24	yomyom	נספח ימי ואווירי לנציגות ארה״ב	20	haifa		463	near	seen	spelled
hbkr19481128-01.2.53	1948-11-28	hbkr	הקשיים הכספיים של קהלת ירושלים	375	jerusalem		1353	far	new	spelled
ahr19481203-01.2.47	1948-12-03	ahr	&#8237;?? ^^ ;&#8236; •?&#8237;:t? -- &#8236;	712	telaviv		2619	far	new	maqaf
haretz19481220-01.2.28	1948-12-20	haretz	Untitled	20	haifa		3291	near	seen	maqaf
hmf19481220-01.2.57	1948-12-20	hmf	2 נפצעו קעד, בהתנגשות _קרונ*ת במכוגית	20	haifa		253	near	seen	spelled
hador19481227-01.2.60	1948-12-27	hador	חיפה	30	haifa		2923	near	seen	spelled
